total_expense,transaction_count,food_total,rent_total,travel_total,other_total,months,percent_change,target_column
4370.861069626262,16,3176.834303160484,2617.1589890194764,234.47987399225522,978.2009366940395,1,-0.3947804447618303,2709.8087537753095
9556.428757689246,20,1111.935195411444,3123.7507136483755,1688.3454097509557,432.222574428284,3,0.17201976218053505,11202.099481421074
7587.945476302646,28,2258.9812676220486,3380.526699622726,1144.524147790578,421.47310059374036,6,0.13542792070297194,8568.819112095525
6387.926357773329,23,1895.3205972030958,1039.6952845113426,1595.4392933029087,409.6824560644979,9,0.30576391829333127,8247.72263634138
2404.1677639819286,12,1012.3089725678719,2856.3806378140152,621.9660800207264,568.4894535743726,2,0.3252486666521809,3262.5946659696365
2403.9506830258238,35,1786.37047802036,4853.996963550353,821.1507419238208,496.59839508186417,11,0.3682030757789789,3341.1852490528972
1522.7525095137953,25,738.6030828492275,3076.1291205181947,254.1869699803741,891.923164054313,1,-0.08586848542090164,1407.0999002895487
8795.585311974417,21,590.3416743232044,3710.169069835813,1930.686184233402,554.9687125511413,10,0.19786439535214428,10609.81817985971
6410.035105688879,27,973.0820120418796,2247.455431667533,1402.1622320614642,556.9820543697119,3,-0.23174964107768925,4935.707725637774
7372.653200164409,41,3870.9028905621085,4095.96551261105,1879.7691579667512,224.53443524850093,4,0.49933627998350427,11027.534575212101
1185.260448662222,20,2423.3533756325596,4091.6859275044603,677.8935333723302,984.4655868193473,11,-0.32466575862314007,828.2035781838089
9729.18866945795,10,3880.3775640362696,3085.184190616556,1300.6345002061896,324.9756017819467,5,-0.4898855683391642,4921.513264828196
8491.983767203796,12,2013.7425741554619,4904.055293116855,1421.2999429267481,166.0276607136424,3,-0.351191285481824,5459.890680816053
2911.0519961044856,29,1591.3564657984084,1502.2008590506134,771.5894604636592,696.8316240776879,10,0.2758722895441267,3752.710930732193
2636.4247048639054,22,2271.4965199408543,1067.790659558324,1726.5966230281342,635.8297331411854,11,-0.05321632349178851,2538.911813286329
2650.6405886809043,29,2038.2909102151855,4080.632847028384,1904.890633220446,473.63108859347113,2,-0.0524997521895717,2447.795700607166
3738.1801866358396,16,869.8263949161037,4228.62214945953,1792.7392118528078,479.97301049261023,2,0.4550229196116685,5377.29796507128
5722.807884690141,19,2742.8921014157218,1480.828916482305,1530.3205566908705,806.5575289417881,7,0.41963490802807424,8102.045360362777
4887.505167779042,30,1256.1336387835986,2062.3313318344244,699.4364235049172,276.1413760896842,9,-0.1888052621959908,3929.1532314332762
3621.0622617823774,45,2668.5578421424034,1070.2094534665157,706.9088757901371,838.2279870504008,10,-0.29094187121913384,2591.368069696692
6506.676052501415,49,2775.703823393537,2173.234443122259,1934.0485768028682,683.8724025055163,2,0.3484822099337397,8776.539394488329
2255.4447458683762,30,1032.0869859502684,4092.567495674686,218.51209268424566,477.07279640157196,7,0.4060190710443632,3229.4436392595744
3629.3018368169633,36,714.7236948873385,3071.8421108503157,1488.88995183586,512.2257549254817,7,0.041596922798486924,3796.1325113971448
4297.256589643225,14,3232.6655512395396,2392.3823726731525,1471.243092599472,330.9824864674862,11,0.1294237111171005,4821.194643613682
5104.629857953323,20,2109.3014831926207,2486.9571796253213,1320.8411737096353,776.9028994272774,7,-0.24308571530770662,3769.2108144573403
8066.583652537122,11,703.5732842691652,1005.4145028618726,1982.1959229563583,561.5872680747409,3,0.3008026879785246,10502.006497237773
2797.0640394252378,21,3982.032110094185,2199.2021102609433,761.3829843747054,388.76908847485925,12,0.1321224284490231,3081.1025273297205
5628.109945722505,27,702.2319634872832,3585.834966551722,811.9493548278467,636.4451041848553,7,0.0035135112979965966,5615.036611757127
6331.731119758382,30,2932.623301004936,4896.777775265428,342.09092530379996,996.1610068461907,1,-0.4398914439216042,3510.370436059678
1418.0537144799796,25,3942.8762384219476,4388.243307935598,997.0366457787275,491.7360516908985,10,0.4159349625111537,1982.4504773068406
6467.903667112945,26,1337.1303647557397,1094.3798585821164,669.8873472227265,928.6222607007576,1,0.11545142038440603,7148.830619394301
2534.717113185624,11,997.8727904051866,4594.242418699358,818.0960639197596,410.5151559321095,5,-0.30730890530703203,1719.512141464052
1585.4643368675156,18,924.8472879785011,4132.793653194503,1702.22922246013,149.2594362324873,2,0.10638611698305278,1811.4309602045512
9539.969835279999,19,1561.4630164865844,4121.504494283921,1883.8721243494924,283.81789573158596,9,0.1774633542399734,11290.1223059757
9690.688297671035,11,853.6603385372634,2831.983036014286,534.3195296093342,476.8256289949158,7,0.02577033668322548,10017.045586567509
8275.576133048151,13,2922.564695929462,2592.021171818011,870.5160767962386,297.67143573511214,4,0.2181017379560225,10081.00099654052
3741.5239225603364,12,718.0212934552194,2211.6629153327704,1871.5350118077092,100.20433439642999,4,0.08145394792862426,4059.8467737671804
1879.0490260574547,27,2282.977448524264,1262.779435817463,311.2552292406007,923.5013839727745,2,0.44776958203214823,2778.4605939577996
7158.097238609412,33,3988.4389884854186,1912.9414539747963,366.2489506004813,859.4914701078361,5,-0.44630292140069316,3889.8844815009406
4961.372443656412,22,3348.895943271066,1986.4145399120985,493.02378057121285,768.0630083382524,4,-0.3937542915304395,3048.0921774210206
2098.3441136030096,35,2653.268033808538,2936.3082788408065,1271.3831014283746,251.03313608142577,12,-0.32632836304566015,1478.7121500742255
5456.592191001431,34,1571.8876727531408,3989.777626386776,470.85008781079546,208.32721858898745,1,0.19017107060433214,6449.83015351353
1309.4966900369654,43,2683.635427020735,2895.2393135917864,1942.5374866113202,160.84427452514484,12,0.14559587274980867,1569.2859607660657
9183.883618709038,39,2344.6451236907806,1231.3777977886425,1004.0861490653366,751.6262698956291,8,0.39205886020969405,12887.392366573664
3329.0198344001524,22,1991.2918436163002,4831.159203952815,1102.7323286302994,935.9271646190967,3,0.23287745288389838,4143.165827560779
6962.700559185838,46,957.4863185906981,4770.897276376449,643.9855084497317,487.4822388217333,6,0.008355487564592257,7050.6025355571
3805.3996848046986,43,3603.1147533416333,4140.758172593633,1047.7284543825203,207.22660479644335,4,0.4918317924636303,5621.0274303662645
5680.612190600297,21,2074.246270874629,4965.311606256882,1391.4445387466208,561.153538658896,9,-0.23389204383070084,4405.422391583245
5920.392514089517,18,1181.1787913726778,3177.929331201052,1552.118846517277,413.9487167127671,7,0.33319165978545395,7841.738389808525
2663.6900997297435,35,1787.1577280705137,4851.073401012824,1556.9625488778433,437.3424319149979,9,-0.07320962780608065,2487.169379069805
9726.261649881028,28,1949.4541338512447,1302.4201624670031,1240.204002849359,659.1975617401365,10,0.1487351388757342,11196.453282484363
7976.195410250031,39,3396.38263448406,2462.722993045485,1827.847594988943,746.8463019359822,3,0.22726847045243403,9624.120490568153
9455.490474077702,48,3067.6503319649073,1901.5250720270633,1671.334125150997,199.54323898584477,1,0.13375408719033632,10740.491140551674
9053.44615384884,49,3192.5671277446895,1783.3323365370802,1562.6866064575258,132.03120772582875,5,-0.3594926968914067,5929.872119164511
6381.099809299766,38,538.6094255002653,1563.2117955707045,300.0899390248291,994.8972724171434,3,-0.05704898925206725,5912.471693749132
9296.868115208052,7,1956.5389936291654,3489.6545662639865,212.38033199536878,309.45551402399667,6,0.061438377933124344,9865.358012363959
1796.4325184672755,41,2184.7045307236326,4125.28742298922,582.4050989518514,148.44747241761317,8,0.34904375917859676,2326.1103089870367
2763.845761772307,47,567.1729688806984,3313.1935976814425,1394.342469044214,270.887796186328,11,-0.056354251201427674,2563.384231491131
1407.0456001948426,44,1409.3462306076199,1587.8508383528388,940.1554799885824,135.0620617136178,4,0.4187473048042515,1899.753310272098
3927.972976869379,30,3161.0143809274723,4244.495079733884,924.3312667387611,452.6298051554545,5,-0.059625776974789324,3701.741652537427
4498.095607205338,27,979.8839700514967,3543.818828654914,1792.2563988133047,822.1616060061918,5,0.04877985926301165,4757.192318039364
3442.141285965063,48,2373.5854600840707,2552.662824507982,1812.0131266373098,407.1200047819486,4,0.296285682942801,4482.485399301288
8458.637582367364,43,1253.2065520603314,3696.5211821442517,1836.5154752964543,499.7650661905299,4,0.08306768442214363,9114.767896227862
4210.779940242303,19,542.4227112536264,2039.6199169713313,764.9805377270492,708.0280962106949,4,0.46021807238282464,6118.1872297390855
3528.4105871864267,8,1344.2051015983952,2380.768833976842,1443.9004629306712,558.0046630628922,4,0.1603358305141276,4107.754863382085
5884.264748424236,33,3915.5581421851884,4669.943372527961,688.9397262938653,875.3011174191918,4,0.022709454067601054,5972.946988943235
2268.3180247728637,26,3305.3798915904636,2162.0180226856814,543.0976995340096,879.4321075411808,5,-0.47640803221920414,1121.2333427176898
8219.772826786357,29,3858.518255123617,2879.953072631746,532.3384232252646,108.91962594203828,2,-0.08626710241967017,7498.720489466458
1670.9557931179374,17,2207.4891537422686,4560.564549584058,815.7937175544693,800.2416758348793,2,-0.20075158073983956,1288.2733658394989
9881.982429404656,22,884.0766953712623,3830.8854010701098,973.923715603679,514.6602402175065,9,0.24810566788748922,12354.336175967212
7950.202923669916,37,2417.8582114079254,1248.812904658811,1695.708507899123,989.9564871732968,2,-0.2917223248464542,5695.886113791697
2788.4411338075515,20,2090.320670959863,1589.2121771158813,415.8039682508818,534.9088682878917,6,-0.2947799127059282,2096.34386993343
1049.6990541124217,49,3455.249789588656,1031.3663630876672,1522.8665253108095,988.2063508494678,2,-0.3104809567626232,740.6908330857589
8339.152856093508,46,843.2890327448561,3523.6871609166537,1156.6188455407496,779.112425085163,5,-0.37438438684376407,5249.402835409493
7361.716094628554,48,2208.8439795762233,2790.693701641673,718.3016168167865,323.7443961519757,4,-0.1889929963291126,5940.4374446157435
7561.0645123688855,6,1025.170326428945,1537.0994036091022,1087.0752521590844,584.5554813582619,12,0.38592211444342506,10452.177677714353
7941.433120173511,39,1636.36574411521,4831.736484227082,739.8957255986408,992.9220755307244,7,0.27492847230595496,10188.962008149774
1666.4018656068133,46,3080.7497708572987,3118.6388957824797,1272.9475194289507,871.7775469767313,7,0.23525121630679346,2044.6085413393869
4226.191556898453,38,2166.063452790683,1967.5731764515567,980.9190611394396,187.63020441209898,6,0.2973368056499627,5486.441223421772
2042.8215357261674,34,1815.6089980101926,3002.41428461883,495.92995234198173,735.7347971289964,10,-0.23058211067042833,1632.9322178018388
8767.930832880342,17,1880.6669749951236,3718.4813309404312,409.8495342002541,411.02162728373173,5,0.3874416907524878,12151.56142057804
6609.683141448021,17,2108.0636894209533,1304.9568718942578,1184.0522277298342,106.28403569231331,1,-0.3626966248583956,4287.394396545794
3978.0822236738427,22,3247.557903429699,2098.815260191568,1824.3434599149862,463.13287212429964,12,-0.16365427328441806,3355.7035350954084
1572.0251525742128,36,3622.2964112908203,4227.861963535975,819.123835803834,311.2789795524742,3,0.08674811896734291,1731.1652860782867
3798.8408954409597,36,3843.671402763749,2838.659481610645,1519.4001930007219,836.9823434684243,9,-0.39709491165799937,2257.9310483096697
3926.6498982407234,39,3254.161851893533,3186.3085681291795,1385.5904388915806,403.5975479611889,1,0.2301301877764249,4855.746876407647
7566.455605042576,43,1603.9241351180447,2731.264008837877,1876.798845757066,844.7713245584354,5,-0.11275395179652503,6691.855537087747
6738.017242196918,33,2908.4714713028975,1175.5997705720206,1677.7658311384534,100.53814495131577,2,0.2844056656084001,8677.817963654594
8984.914683186938,33,2031.6109341938718,1662.9991192806237,1219.8894660298333,377.0372350235072,4,-0.007103714415397255,8915.997161942847
5249.934326457544,48,1391.3471771611792,2782.1665549675636,1382.654896821393,317.04869287698574,11,-0.31912547557466364,3622.887016340235
2076.3482134447154,20,3443.0505279907293,1836.7418616317113,1817.0956398512628,310.2106249617499,1,0.23476181135534435,2562.2069223975927
7419.203085006955,48,634.4922213681375,1199.916114638715,919.1338122564827,161.36795778891644,3,-0.24785604416105644,5682.20163504146
7847.065437552077,14,3656.1669724739822,4374.598656207295,788.2304705439992,268.41184336945156,10,-0.009189698731957185,7761.175921331233
6051.494778125466,34,2115.1711261865694,4924.770116656464,219.45995054335341,599.9946128970579,7,-0.4244667308430924,3456.107834839329
7938.704619591049,29,2730.2051688289816,4172.571495986958,1687.7919335446356,362.22496555397004,10,0.1178666544120367,8891.71886280769
5444.160367279516,43,2807.7387277202397,4415.1396868186675,1641.7652607260568,475.6553040962332,3,0.16585776621627724,6401.010197511058
5704.595464437946,24,3632.9120924728772,1967.9085212681816,388.0181325802725,439.18019231246967,4,-0.12132579002721644,5065.9858371707005
4847.869165226946,9,2728.3438875852257,4842.507902052799,1238.3432860388605,888.3144324999051,2,0.45442278032107386,7059.190422142304
1228.7721406968567,5,2648.7675466602163,1787.7028178137134,1035.1670567003973,914.7690991094639,3,0.3741689214820684,1705.4949453688512
1971.02284293974,34,733.2821419624149,4805.719241447329,413.6763719164006,543.6612744902741,9,0.20794091573999474,2397.9060407136985
1282.8626711806082,7,2314.4280768082144,4979.277175863805,1965.0228087093024,397.14035528404395,3,0.21365207449374268,1503.0553014875231
6727.6937013740235,49,1025.5915028596457,3846.891222984195,586.4525974340397,196.12063360212727,11,-0.24759828505784875,5113.13195060763
3829.20382968694,18,3081.0181905251993,4924.574927167288,321.0215241630101,958.0625914438855,5,0.15681523108844897,4366.788491518038
5577.136220482325,34,2292.776722844361,3278.1591182684147,1270.7252831034373,154.20425041026772,2,-0.30179373476448035,3840.1915174234664
9168.098265334836,8,2880.797227229237,2038.1671327043614,1529.9600188394588,367.8852498114524,4,-0.3559967760801779,5907.036194315437
3243.6300623398747,22,645.8551521083449,2747.983542662483,258.39820288493655,368.2595810530037,12,0.4994678942025802,4847.726152441679
4693.446307320668,41,796.7720561603112,3374.243741515144,1385.69174970864,388.36115752619344,7,0.12237593147317416,5307.619040967136
7799.960246887438,29,3007.131858219388,1292.32624810806,1158.1253767126182,247.85815894516836,7,-0.06901212734280948,7284.0360306939
3059.183489424602,5,752.2951759953568,3489.3730584689843,385.87701597508715,804.8452878313275,12,-0.21183547711604866,2418.0499647103375
1692.819188459137,19,749.3985471784051,4924.711347049179,510.5429785034517,210.2480757693903,3,0.10392044366222741,1812.4610097651398
3607.7630762239123,13,542.3796633221061,1760.4305991349106,1222.353735168945,671.4159932378465,5,-0.4504064917799139,1984.13117113196
2450.9915852860395,19,3847.75489404818,4170.380465153534,733.4437043239191,211.46142403523572,1,-0.40531900949520494,1454.932530200749
9367.278871083157,28,3081.279258106524,4631.5951751184775,1888.968311572369,163.4820738336609,10,-0.46714330225960365,5002.526622903867
8273.083416079753,8,1736.3799297572245,4774.8063712808835,1673.7324130712914,918.4865533172889,10,-0.0008301667373382671,8244.713477141117
6700.633808593811,16,1537.8745345067932,4840.542417621789,1970.4209717245935,271.1158896868351,10,0.10060662918718255,7400.902866393785
8843.145311689459,41,1723.9613041104735,3085.838554885888,667.4075101107452,839.1251391037339,11,-0.43752023864217915,4956.762212686276
8233.04869209203,41,3211.2873591341363,4909.231631966015,1945.5025390363587,590.1677839964223,1,0.22122446749891655,10075.856178149197
2679.1305299743226,47,2814.7971387464504,4029.2408285377555,976.2209656248042,170.07086764789264,5,-0.2696049284854356,1996.6261137417357
9033.0309864098,10,1148.1844875361378,1646.6857449478475,825.5338315647583,959.9033722942607,10,0.18520145376986608,10679.231682108522
5854.080177240857,43,1109.3826736692952,2907.60042587188,290.62914854483586,322.2650502927033,9,0.48189714003524564,8636.536748681176
8266.961396476563,28,844.3847739968905,3873.3247014880158,294.9774641472847,873.6808108173459,1,0.19110587005385116,9870.644554675284
9064.82169931144,15,2811.0595189546834,1989.3612632763334,1445.6202607039784,251.92900520610775,1,0.3831930529236085,12472.343416443042
3862.0312747467747,17,3175.304317776076,3562.4607341955493,1024.2721899812502,868.5485939276676,4,0.4481985067430674,5648.571162827907
1990.467320749091,38,1427.662499137514,3666.401916186477,607.7389268649903,111.90593161476458,4,-0.01324895164768447,1964.643846316039
3051.416462877475,29,573.3073636081948,1650.7989752342637,1305.1465513854187,560.6024109125326,2,0.20232497941970684,3663.056315835197
4843.970097636307,11,787.6008361674957,3260.341249811025,655.1446128502001,792.4983214794012,9,0.35196925355584174,6576.199433065737
8362.132893302438,8,3887.5101219576068,4086.507643914431,1239.7371578199607,941.315965743505,9,-0.14339108712561388,7187.275293064052
8746.57524930709,12,1534.0567211709708,2995.5826581437677,846.5757445688427,918.2819225858383,2,-0.2386026834396051,6659.944827664931
1062.5691747807164,24,3192.2810174334677,1048.4124671044297,1682.3940079012743,837.6623825928804,9,0.4465985727783387,1581.0418722461372
5596.725723198091,33,2686.322490989923,1036.1538763171686,1677.2530893802027,899.3722146951736,6,0.22630350036881797,6829.664929694512
4756.699028339011,49,1836.7887387851356,2428.1173758800487,1059.2307166203223,279.2977172533689,8,-0.2803178666241737,3458.9291292064213
2998.970294236572,14,1219.905417684443,4704.776273727128,831.4743968030281,355.7658661405559,10,-0.05091660732388659,2792.341727805474
2078.7883060031454,47,924.8524635579224,1914.7071184144352,852.6076338063701,360.07167242895264,4,0.2964517695378094,2720.5812273655397
4038.5365426326516,38,2652.545388136033,3537.4547554867486,1650.2861462027922,439.3485379015289,2,0.04706299091844213,4212.208486439021
9486.187335212673,30,3211.218232232258,1888.3034827732822,790.7230690357015,453.98860334666983,2,0.14995209816588906,10843.106726604039
3908.826388186797,45,2753.6648873939575,2286.6799586381944,576.3068726723228,590.099792189208,9,0.25376820204505235,4913.594373680434
5669.115595690295,7,2356.057466372054,4392.168358405936,352.4390153755523,243.89178702979726,1,0.1220091888089806,6359.078466127273
7327.1706300566,10,646.829282010727,3915.4457690797876,1040.0476175919352,722.1219974073904,12,0.040079321922195765,7543.70238504339
4272.666421413645,9,3889.710721580343,1381.5971092528425,1067.8377780557153,250.80988537405585,7,0.24961428438777344,5233.501715494494
9746.038744488646,9,3295.499670791011,2714.8080839457343,1713.635678725233,379.2776338940928,11,0.2275630354322007,11956.263712953441
9662.025654479,27,1524.8771284533766,1116.679054581058,598.2296536029152,553.0106175455387,3,0.12987240018317892,10997.767414892729
3266.0406624282773,13,3929.8961527559773,2923.560586412036,885.7842926031199,816.7965053711296,3,-0.1402105866180704,2824.157935641033
5475.236553031469,39,2606.5855637271275,3649.7360468042725,1655.1303300086438,765.5223099148545,2,-0.09418790779972841,4926.120315557117
3707.904788350927,24,2538.4793037253626,1474.0104943926062,1682.5224993481522,680.98092076947,10,0.4704385488840974,5506.339612167526
3563.5644493972086,46,3118.2561280033624,2155.5397556366624,892.2999367617828,240.19593452215315,6,-0.3876140677084742,2227.6379185187757
1331.9825261907952,39,3341.1942583154814,2591.346502008628,1026.4232419160257,592.3408110540199,10,-0.23149508274716468,1087.2140749719488
6486.079005819071,22,2797.6751256602593,4678.124098624199,745.9146035287092,178.7018516198969,2,-0.0075982407956642906,6470.991103930291
5524.1112090597535,21,948.3351122817,4973.0200616918555,1878.5987811547618,439.6268591169857,10,0.33672968614378584,7428.5385588653735
1463.3087612499041,28,1683.9362709807444,1179.6451959824635,413.55877833484453,472.16487726096324,4,-0.33632433627027214,1007.7178399146842
3507.818178129503,7,3748.2927411411742,4044.031693981568,1880.748961402646,135.83029550117845,10,-0.22304538187539014,2701.5402856683513
9174.392973699883,36,1286.1546414534819,2486.8962656093727,1430.9596133036177,346.58928952297464,9,-0.434201782204761,5108.991156902377
3156.057016002752,39,1802.5845834312966,2569.83274491792,1156.8298748361162,960.0845205398405,9,0.20598526605081846,3780.101490325978
2304.0538488210077,42,2012.269090304686,4017.0598933880906,258.7863094120926,958.2693470467206,6,-0.2617905645243839,1756.1211398936443
5405.0748424980675,17,2037.9174639305827,4673.7057285816345,1056.073145279615,417.0943488272854,4,-0.11132524932904952,4784.302996210068
9870.854086995407,29,2645.2885387308393,4803.714378010194,933.9465890049181,138.79009805349165,7,-0.05629855297033215,9307.866332760908
3178.4974436035036,13,3800.7654321064765,3308.4903441532833,490.1938615552206,261.1854453953634,1,0.39131393560645567,4363.998540917727
7049.219926652907,8,1342.4244914137673,2428.484637202011,1381.5372863011823,452.9960140901861,12,-0.0886697096687632,6396.613163757373
7854.576537958458,18,925.2548170532132,4150.196343435116,1948.0716332629145,953.0017281723068,4,-0.35477498008475095,5067.514844790922
3138.737895931597,41,1191.1467145097806,2004.005533049201,1211.9398599161452,227.07915718346644,5,0.024314938340120995,3239.6842232299127
7553.947137506736,38,3604.2371507324433,3256.296115334071,1486.5558975991025,787.164259301391,8,0.46295799464862963,11028.174307609826
4310.048194473279,15,2760.337844293221,2434.3138460994924,323.2108146188302,197.81428543722285,12,0.10768564105081102,4747.75162597414
6690.752475342215,45,1500.6737623370605,3626.5242948315044,951.8005924705906,983.1318196521491,2,0.4833872204605726,9967.085495445026
6701.767396848052,7,3355.8142863901603,1961.5956515740277,409.4452732960926,443.4548491982215,12,0.3411073089388701,9004.052565043059
5821.972156672827,32,3514.794987272026,1766.371782939303,1303.0325039657187,797.7110850091505,5,-0.4640342437865872,3142.811332864193
1812.6079304896748,33,3462.800185415973,4672.956346701749,1889.2678847854784,408.3319745300186,6,0.15839959537704185,2176.1403225598747
8517.722460303143,13,3716.2428677384405,1407.2147317981476,1391.1999184489493,664.9019894429279,5,-0.21323312244211634,6676.208184576841
3887.0205847456227,7,1382.8435706067655,3023.831630939727,338.2454869659588,272.81447626603307,9,0.059616855644723854,4116.3015713103905
2678.666593598688,29,3142.646750611974,1883.4111318520356,838.3991689731491,231.4189173672663,10,-0.22065480906877344,2115.1639165504253
1366.9762739928751,38,2111.88824045949,1155.71985330267,1191.194082993533,944.2577256113182,1,-0.1511295833947096,1116.810351110979
6318.036488694176,16,3446.9949351152154,1144.0752731657055,925.773961039854,925.8825501139901,3,0.42316871175417936,9003.084337343395
7098.079256580541,46,3049.7173700656463,1700.8870884233093,1700.5592188553103,898.7220461915941,2,-0.2933568151082947,5016.919157346777
1149.2904603507054,13,3217.566062749036,4467.081418024001,1666.4078084779806,662.8901051499341,12,0.37410911802583047,1718.1154714064646
5608.837524693528,19,2796.5664318837503,2129.9149759081065,1301.2958361857986,827.4413900946504,3,-0.4695421919295032,2980.245134255734
3038.4619767814415,44,1121.000693143974,4801.836682301183,872.2243012388694,162.13324322023743,10,-0.4091234616303516,1853.2028830866338
6806.555113685049,29,2407.594216139284,3326.489171956774,659.6054727738394,401.3101377016112,9,0.35467504138426353,9262.167491007905
2569.2978610449227,9,3946.344088335779,2746.4567590750644,390.57377278363276,382.3328122814406,9,0.13055603090919532,2846.9071118493835
7218.439642922193,15,3780.8582327399163,3320.3553386778185,838.8158302757972,672.0807897573519,10,0.24723613803955025,8925.657591011832
4480.618116704836,38,651.1080752895408,3066.793540905071,943.7105309738952,420.36199612357643,2,-0.29058232917814575,3190.9803984632626
9430.56989863061,28,1076.8518550530298,4035.105015029301,1416.4812651873324,233.65610347931272,3,0.03708345559010351,9843.154751763193
2237.6884973139395,19,961.0507070909666,2129.984263891409,1384.6876837356322,636.8203678721893,4,0.23721922357130476,2782.9069662193506
4069.5971594523267,42,3040.929684948534,2412.2015664012097,326.19465135426253,832.9455286021733,9,0.1273141370102625,4591.656999988274
2021.2616911653017,12,3362.2486544993076,4576.377210133003,911.466767776084,443.91114501397584,3,-0.028301233108790513,1949.853160222302
9322.242564507065,9,1247.2897820873518,4785.826052601622,527.2019609912514,219.04184358863353,7,0.4597837864377148,13542.260486577135
8896.05418042883,30,2270.4844253314013,4570.232909945898,482.26286957025025,277.01937758154077,12,0.1761573334534453,10415.133327231095
3321.4746494364003,22,3442.4605980392,2677.7919758292546,1689.1438695270426,313.73497465244554,3,0.4077508002412379,4594.692911283092
6939.856414307611,10,3064.8054066818772,4121.462012027527,275.44739008926354,369.9078336950826,7,0.22977051157368122,8479.278442915302
8354.999801810944,41,2397.8302192214687,2905.342933204395,954.5291766238184,678.5155634556783,7,0.23546352859768316,10295.997124706824
5996.807304395161,17,2566.216916605705,2990.159408584409,502.7665803797327,640.8509360839471,9,-0.41998173024232066,3517.0585978413437
5766.855205204059,32,2279.26191420698,1818.7204362291359,1782.7943882212533,726.4718754103352,2,-0.14053537814605643,4934.154665187372
3176.670618104065,9,1541.419579615872,3364.521213034066,1202.6729238950634,426.2517860783619,6,0.35836940671965845,4327.873472135275
1837.924910253093,17,2477.5769750065565,1744.5435910133917,616.4851454783264,841.5978866919805,9,-0.26739613785124405,1353.2323481496558
9074.941821579941,21,2911.098557175317,2326.258796268775,1104.3691168994774,283.6788950401842,12,-0.3844941338435338,5610.632367985249
9103.762514469974,44,3556.6302055128267,4420.120806479741,1516.6754474656084,522.1366727663385,12,-0.17389394336120656,7468.932604828994
6697.9131154594115,49,2727.019738927368,1828.303236843421,1924.6124160549807,820.8448493872872,2,-0.27956211510738604,4878.390043852254
4051.2681194383063,36,3163.925379651053,1284.6331406937313,596.802807641754,262.1427829593573,2,0.42528819479315516,5703.865775329605
4142.886171513948,33,1060.2507223410055,1276.0303704512653,1795.1271898328212,198.87680236670465,5,0.36796664200213114,5644.9394241236705
7533.601109832154,7,2115.4511604692643,4763.138082012432,1881.7474055014825,895.3155709191908,10,-0.0003167697170958217,7530.169422751052
9073.992339573193,44,532.6606693948265,3027.6817518473385,1849.5569801577192,408.6366964832763,10,-0.438656125516132,5131.637259340441
8983.777818386056,38,1363.3760258256807,2637.6482872680735,1343.7458423514377,715.4831124181288,12,0.21456234609315628,10980.323730656162
8018.879912718615,44,3042.616002895517,4243.514324031674,1333.677177982474,122.81374383754464,10,0.1234117313362646,9046.905342131233
6778.28481538859,31,3971.334829722772,4343.303711642064,925.779139730881,721.0421995685047,8,0.4705546707284959,10038.634212670524
1757.2596849554395,17,847.1233485552557,2328.7641324624183,1554.3161881468181,384.49118039227346,11,0.05895324027037696,1819.3970409046992
2454.658426851524,49,1905.230105514509,3774.472229895181,1156.3292330316776,150.16676822869755,9,-0.1636062765970906,2112.5794253202343
9086.987696743712,37,3300.2483904470582,4084.4912634075463,1419.38852821093,648.8314853933053,2,0.019021693578555765,9310.770428758944
6457.86153693631,10,1214.1247212011458,3618.602747463818,971.2242269278319,316.7234344658559,5,0.4792632914045163,9433.063759711751
1082.7734645496669,28,2442.7973225580017,1606.3802992003975,1516.6936352776504,448.12651784669197,7,0.19636243253303054,1284.3662837361426
1913.2438857942889,23,3065.749536103862,4503.532334068228,1684.0487316881884,172.52273105786225,6,0.17197613792705113,2272.3780513548236
6971.515921972502,20,2655.9490759106266,3156.378210944035,463.58526188506903,232.4469259854508,6,-0.2593184102741146,5137.902802613642
1045.5542546159681,44,1158.0865711539564,2129.8897054800145,1699.2734880336104,368.17951194625937,7,0.24360251756061768,1245.9626446718212
2447.272462757488,32,1743.8459904000879,2700.9127417507757,1172.533757222553,180.78355050414143,3,0.25027182947177173,3165.464580124787
5938.604104299275,37,3243.27124569889,1150.2843615956294,1720.3986363624037,919.7436382176837,3,-0.1827110162240947,4859.10772099872
7227.056779234239,45,2439.792799462058,1511.4672048896703,976.3430714138264,105.44233886558058,10,-0.016286167609286806,7116.275992913501
6867.651335523405,17,518.3036474001946,4062.1870020634433,882.272873689463,535.4741969778802,9,-0.20539666705954396,5391.608934936118
3018.423785145038,47,3163.4676600983285,1000.0465390214646,1847.1093185310003,210.9227123192963,8,-0.2412949296757133,2259.4753803871536
7409.6129921278225,49,623.5897422908367,2666.263313929169,652.1046815871223,376.9111805301537,5,-0.47410392975051485,3851.794323160956
3135.2417874712005,29,3110.0682395593126,3090.0407243423538,1719.5821855150575,933.4536038364389,6,-0.2147882553466679,2515.777435357258
3928.5972834334093,46,1208.681960578331,1218.5376800038891,1071.2370305169275,245.52509794658818,11,0.05396994987827486,4165.85516295854
7718.422646062218,40,3853.2571804178306,4892.312651889331,1125.3717965922674,969.2490877464993,12,-0.4983988124509712,3843.0417806297996
6846.696091424932,31,1787.7926295572956,1904.5013249986878,755.2429066810712,285.21493929047955,10,-0.21678091619033257,5390.488051782377
8643.010694447601,42,1644.2606571832769,2216.7948785451235,1231.4759611142283,767.4094976201466,1,0.38141033232325006,11926.86826840321
6918.51603070309,11,1021.1081761635563,2215.7700490201096,785.3801532971804,592.0095384075805,10,0.09364858510736085,7578.149803919955
6114.777430019245,9,1569.614754215752,1921.6666484693997,270.68494563497416,896.0308548370832,12,0.10786282408098047,6785.8227866070465
1843.0729104528323,47,3568.277666398702,1005.8952883452457,689.5974896198409,598.5939299528179,1,-0.09663569497364677,1685.979639388101
4309.442227534902,49,3987.1701816953655,3917.3791763519853,211.4822781318632,581.1032972406779,4,0.17647214349241103,5084.921330854533
3386.821309135529,35,1789.0833567739692,4867.381999197141,1961.0386167023419,275.9122003315599,2,-0.31006723376964085,2357.7314770980474
3195.9067904117524,27,2070.1372083408987,1897.1739331401802,1938.3449776755456,249.60642584649284,11,0.3187468103841916,4277.382301664957
9757.09499277201,46,3027.2482837095795,3652.1887672136895,911.2795354501491,924.8402360039628,7,-0.3833108800641002,6049.122461877221
4537.879522000843,14,3601.685231627761,3967.5853078348605,1511.0675378113629,395.05437896503065,2,0.15600135465310927,5228.949786549281
9028.41899659402,36,2575.6551696537445,4393.701516362099,822.450977138765,434.8740294666063,10,-0.15885067418031695,7589.350914903422
6680.247633975366,47,1870.3399436224026,2690.516788054437,1407.9676827547569,783.8412925855496,2,0.2475129705824768,8395.204099487024
8153.301731874836,34,1944.1764429701832,2211.723622561717,1649.7740774827623,404.9411341805266,5,0.049764551266019974,8564.668256645462
5523.733837946729,43,2934.663512738824,2301.1805360921244,1904.1612404460334,956.8562019751025,4,-0.04764696152128378,5241.843783448414
6192.134961637232,35,511.2639226149754,3850.4853323940515,920.3820965294096,764.1349920989203,8,-0.330577597906753,4113.59694299827
5432.6592443697755,22,2668.5626811094426,4267.117866022544,1609.936369320886,637.686318316078,4,0.13682146428435282,6189.615542550686
2757.1868901824005,40,1744.2255365447509,1726.4558710264105,678.6712111378138,892.8056444902772,12,0.47476984342041306,4023.4732381878357
7502.069037353548,6,3279.690659469795,2483.764032631061,1982.598146828567,144.64531751453447,6,0.325603424907015,10009.00818099645
3526.951261967702,18,825.4672393809626,4607.7607869966,246.38527777583207,331.3564229702879,5,-0.4399918074109882,1923.230683876213
1218.8436978830846,17,2558.707934319367,4226.774078778957,1286.3518517020177,518.532700798819,11,-0.12377062163880892,1141.8900419915217
6809.25066316451,33,2183.405114601433,4939.433611049903,1387.1107669723888,304.2806855243689,2,0.4255830091902718,9692.890534931294
2593.9961146634405,16,2748.139340668296,4016.993038728323,1438.482002733432,769.5146685719368,11,0.0030437475570214145,2548.0547163189876
9464.127259176228,43,726.9875806903892,2572.780804111689,416.6976418203602,927.2872279483527,12,0.16211182580817918,11007.832995770514
9585.357193023287,6,2529.94325599846,3362.551335978551,1889.3536102516348,481.3931079378311,8,0.41259934559139044,13492.617340213705
9233.779511984038,36,2465.196057858333,3644.0570169892812,526.1299022901491,407.9193401007054,2,0.37379469041988067,12687.03585412306
4331.428302298999,17,2462.3103304565984,1313.8232652684958,1320.956125831714,965.3956589238096,9,0.0018203755405109545,4310.435951856015
1139.1095487598068,31,2612.206833087592,3177.98783641546,600.816942421553,500.36718954478675,9,-0.06235369734239793,1115.335520110057
9354.867063289528,45,2867.637780292268,3837.2833138904384,752.9895506382876,540.143560404355,3,-0.1603073815204129,7862.050300398911
4853.657334855829,21,3317.4614988826943,1669.2852160042416,1183.6253751106237,416.48488510771483,4,0.21901944316289113,5857.2776200357075
9699.893371393026,44,1444.37252044875,4122.526869702228,950.9481534162377,918.5936257109246,8,-0.21301320052845674,7603.836212546535
9672.579793803276,35,3387.672935630217,3335.0911220564467,488.4060817577113,612.0599349536657,9,-0.25011239356909987,7288.595072066684
8677.08509920624,38,2243.894887922088,4808.887142790379,507.6855243575269,785.9571284634802,3,-0.1437501053962199,7494.107806852898
3650.040028626271,28,769.7039769701591,1169.6891928275668,952.6606186930394,830.6260465157977,5,-0.322784943121208,2469.5983252226238
4465.879557417327,49,704.9282523539272,2061.304550221868,1563.1093608959013,407.6641377255324,11,0.19511981594576733,5285.041326603116
8660.230043651713,39,1669.8341154362129,3406.2155171992963,1816.3363643260193,490.32489818834205,8,0.11624064933061229,9719.602622820808
3852.298046406499,10,3247.1394198901367,2186.2396488237227,351.42979206688915,863.6245969656381,3,-0.017121465884156417,3821.369240574016
2525.4347201748324,23,2976.8832715932053,3857.696656284969,907.5870336069219,426.92981650822924,7,-0.10967422073844535,2313.786614428971
6011.211362125151,34,3260.1523763534224,4036.021130087724,380.4420147011779,814.5416201066662,11,0.4090625428967315,8484.683223726855
9425.39296744703,11,2310.4416975456325,1410.0638562658978,229.86646513867618,946.8930903169934,8,-0.4708762150108947,4961.169756155423
7264.268170074757,14,2040.696492844217,3055.417856827071,1391.0936287591219,660.8893357612063,10,0.26910774350729916,9244.983409825252
6130.550530804285,45,1016.0838434719939,3035.5622223642235,1284.408995539858,767.4645587067,11,0.40190957174888875,8610.793930396836
1874.588443936917,36,1648.6746376325905,2477.123080862164,493.43440486679515,824.5875808370214,3,-0.05364542057007404,1745.2816738738188
6535.065040292528,38,2019.0677816085633,4731.699450278688,620.8630995675154,860.5356840069783,2,0.05069049147064675,6876.262628169968
9910.48465093837,32,810.1015038786603,4310.025279492885,242.6739565601331,455.5480040711164,10,0.44446368788203794,14305.583913151666
2260.7561371287165,19,1272.1418344892395,3788.8375276385473,1702.9049702499267,146.13711325839836,7,-0.2877224847144856,1647.462656269704
5664.96687127363,34,2593.788529223086,3857.3065429399903,1954.4430728873926,461.68864411306555,12,0.020134847784684884,5803.630462447778
8896.357647351599,41,3074.8208998371642,2846.8645752524762,443.8271662304435,706.3806068056808,9,-0.025278872871787095,8618.888183698187
7666.91755978784,33,3994.2162898753236,4683.978084386304,616.6553847775366,505.3153472027135,1,-0.24160735212962992,5756.912780203287
7273.141668957412,26,3765.896659702452,3778.3817090131415,1763.1371431044813,774.0668357743587,3,0.31859323037310794,9585.824809553134
7322.356755883983,8,2748.9781983731705,3915.924246623266,1867.6348363211328,421.2841865217975,5,0.39960059476323584,10250.015834872787
4235.420360977796,24,1974.368186529252,4446.763615149381,955.3292890522586,671.2697269936266,3,0.28193257978820885,5467.572188540365
3642.3265983804404,36,2726.6207764788146,2096.2863573687637,291.1204500843334,267.7778243685771,1,-0.3046410391513916,2558.389634049164
8284.250399306624,40,3249.780663280812,4228.283615466812,270.9053006470749,774.4324929804612,7,-0.41325136449861843,4933.706900105574
8291.020552112626,8,914.1766682318556,1780.962411825968,1233.1097589242188,591.1263719317233,7,0.10544448530534234,9141.903273672386
8803.650867220933,31,1934.667113937009,2381.3678089795512,907.2111960077223,283.65794969194053,10,-0.44290523949011606,4878.253468015718
9219.16497300824,21,3439.30799972466,2342.4418170793706,251.57436963977813,362.7200561480265,12,0.17282588855808423,10764.484650949704
5602.08158974844,16,1843.415331765654,4914.101873556562,1249.8543061626021,773.7478377236491,8,0.03042422032724268,5809.99091006489
5513.646652184796,26,2501.5529492951528,4426.1488949917075,220.34456586024044,534.3411120953685,5,0.1627857327436636,6412.277271751143
8184.656610700977,21,2557.192763017694,3804.679446361039,1617.2695246686912,294.42829635376495,10,0.09017077364974402,8829.993253497292
6849.675376999887,14,1145.6668859677377,3908.2270464615603,751.5790808660688,970.5440713332679,12,-0.07729743047282722,6330.321339670197
7317.70189531933,5,1767.8240457830093,3248.291177610284,272.46440541661775,743.6125178351991,5,-0.29912281985977174,5142.10877788907
8162.13402492491,26,1670.7895105967625,4788.362668434076,1259.033997769676,961.4213492858165,5,-0.19429786418951145,6569.031469516067
9010.048076358096,30,591.6884798622268,2985.035011529446,915.8319459794984,484.3945408243089,1,0.024500574218976445,9245.632170617375
4041.956411663822,22,584.6711736197434,2522.0708394795784,1952.8407440428691,527.5903066225485,10,0.1518680936476059,4594.788841548639
4380.246573759496,18,3410.9396528652073,1652.141347726364,1179.557592506664,908.1596945665173,5,0.2794830168845285,5686.50269259692
1845.8374585678212,33,1455.7478349048433,4144.822609044231,695.430525866615,572.5444062208462,6,0.2671707184490608,2358.004149817371
6204.5212689655655,16,2313.275681835854,3937.7757283023657,1476.9899563411545,736.5510207151004,12,0.47268874326108534,9048.643685975643
1323.4804641706787,40,1545.5395075607057,2537.4201540965396,688.6856045768805,326.95558974597697,1,-0.21415855133659056,1039.7509502751022
5190.382163192141,39,3792.377357903692,1100.7736558369174,1827.6379245336173,502.0538218323765,11,-0.4288892917865632,2984.6188431016594
5883.801712368189,16,1407.5386560302081,4355.989310872043,874.4995469132775,211.10487922931958,7,-0.15434306445814072,4920.031121671075
3578.8712691545597,11,2003.7988445862727,1045.6719338162945,1189.7634129971693,285.3820322892655,1,0.24329447522407666,4476.272390428715
6317.499345121097,33,3554.5558766961067,3814.7991185162036,291.03158688361196,100.84907374086798,11,-0.06188834896670481,6010.566022203746
1274.5022494514449,15,3446.7674837713303,4881.028438904228,967.0182283140155,135.3385464837942,2,0.3177884305894194,1647.3058660598278
1336.1336987429297,37,1151.3549624619704,2750.6453125928138,1698.254371389791,979.5554408592363,2,0.049326365186014964,1423.4622522979616
8403.405045936925,10,3309.2515842849866,1939.893619983811,1650.1678496540155,318.1183256230861,5,0.429791722630503,12025.548906541628
4241.7157727013655,19,2103.654103582624,3819.484040173527,603.7734059363472,696.9796385536017,10,0.4478634419990688,6189.839698635758
2143.544613866963,36,2190.3910522987435,4268.5125680623405,606.9423278190128,855.1897289196504,7,-0.4306954939812513,1214.887512295474
5700.189340493239,15,967.1799034558032,3185.7212643113894,1671.1495619838263,595.5944133129078,1,-0.04358656028757568,5398.4018628351405
7929.941977887497,27,782.1052981499363,4868.141101024585,1874.717156304786,237.83005007556056,10,0.10968906124956801,8844.978981554255
2942.3892474715885,30,3047.787574408178,1206.6748866318444,371.64965829140635,755.3047936025497,1,-0.24412745918778722,2173.7082070088773
6606.014282371002,38,2237.614033243549,3019.1823932181123,1010.1055509672054,640.2262690896248,1,-0.09292322062101976,6082.605228679281
1768.127184943912,38,2028.9774591531284,3873.8157892902004,807.4177021356121,758.1255304126375,6,0.1776815411176983,2110.3292155076024
1465.1354905174694,33,3053.2788002833886,4450.5618845967165,1767.2392198233908,792.7719605713785,2,-0.2732657731016386,1034.8194711717963
5782.191684113332,8,3179.295146468884,1717.02244763116,350.3448464240338,977.8693309162705,1,0.10198135297445243,6427.29999584215
5865.716094490958,21,1056.1785868427373,4200.013927054726,580.0266966044674,616.206952024039,6,0.19744782816430606,7023.429546275069
6736.869113483859,39,2635.7880231717445,3210.828302874181,1554.4430076556898,407.4770014215416,2,-0.40950368890413325,3967.0260817982
7534.822003503954,17,973.7392879718993,2586.214727959853,292.32892816618806,683.6181012102134,6,-0.0024706839725472385,7482.162370739013
9782.668715162812,45,3129.8128011016597,1526.8601143163742,1086.5636852857206,161.59663831836352,10,-0.23691997007580923,7371.050185928292
5646.703134710758,43,2799.3430469349883,4461.1830356356495,995.792662423496,907.6575864894277,8,0.22438635599804457,6943.965903029582
3906.6082564712137,19,3848.151173792103,1629.0928327188612,801.9221221797476,207.4429102043771,2,-0.3104444914630595,2612.4169048547374
8156.675752918333,33,741.3530572474741,2239.151436836397,910.2301675740628,395.0585540972364,11,0.3922379155381064,11316.368531370665
3437.490261358668,33,699.6915240293902,2160.1821278497473,1153.8930564744192,834.1708425635088,9,-0.06905866348167311,3221.7440058704847
4950.7427863507255,15,1487.6547614262004,4485.656136763417,490.46124509908964,637.5811404976406,8,-0.3019969696924465,3430.5996470712917
1706.1074320803937,36,1415.9698930756708,3690.811976835592,1229.592580910467,454.27196824969786,12,-0.06197820364967066,1608.223551746246
1228.1566907391175,6,1364.4257967519993,4186.725588765489,1649.7781927399753,526.0920934375192,10,-0.09125623719147213,1055.3949667632526
9663.835732101326,18,3671.8910318236285,2001.871595169996,1568.2896736222863,869.0926538819623,1,-0.07108104050628972,8959.497264324807
8523.821084609852,24,1373.4116994732713,3499.4963984279957,477.0198284487926,406.0039474539029,7,0.0855612934974469,9261.299527397792
7263.767854843281,26,1451.8240414502084,3286.983932574995,468.64904553465306,882.6847163309542,10,0.02117372491353753,7369.995251440743
4680.57649972843,15,3157.893918462873,4331.321507153085,682.713861940844,179.32098787902234,6,-0.3502228683190973,3125.6497464936747
2559.648880637612,31,2074.08944857689,4624.348241925042,849.934507413867,799.1185934877676,6,-0.4344209273533637,1415.812644567985
2407.9333840397744,7,3218.4869493431343,1048.6270859095473,935.2200465352687,862.7928697492628,6,0.22941544872654052,3029.2713412436715
3252.186083481358,21,728.7815514753484,3696.0796762351706,1423.4549903000216,263.6358875536049,6,0.05971743592831347,3438.0080203112852
5943.039982355084,48,2206.499177856845,1207.343196478916,302.0247778985037,487.3118791349804,10,-0.14099923192073627,5026.652131264724
7431.363304300561,32,617.6476006414892,3195.4346603094236,262.4108676069195,248.94979719729005,7,0.30835782249807386,9666.037270576991
6941.776390459581,33,719.2862120937408,2150.5309161747127,905.4390132990362,735.943716094796,12,-0.11194152573904304,6173.507314418838
3519.4050725134857,25,3672.531086705438,2227.1063980885647,1454.894645848365,581.812991255491,3,0.2959650896006075,4612.664897768694
9593.787525968746,20,987.3587989115831,2411.8340138094263,548.1836173216686,671.7910120374889,6,-0.1942438724876253,7818.741941732371
7641.072250261916,41,2363.47238796326,3485.1697961984405,1354.708066261253,276.83827026059004,3,-0.42715470245480025,4383.563243195321
5989.186472602606,24,1938.834609102473,2336.199862675077,667.690648292539,290.57127584717756,7,0.43263969379992906,8521.484086845347
6505.486716109171,10,1715.7016419059494,3930.7962023611217,1794.9549958643295,137.34759295891573,7,-0.10544887071862685,5833.414742447668
4776.400561850109,23,3649.4167099054534,2618.1095422954786,1812.2418996799097,389.86078167615676,8,0.2926925728493779,6133.156797589224
3229.5789055104174,9,576.3818887142132,1273.4128012398346,735.1169677063876,603.7701952003074,2,-0.22085586677769553,2535.9170380666806
4203.754107861354,7,2823.2639016145617,4135.039369936429,613.9887571338329,872.1414225975959,9,0.146365112123656,4771.963321578483
7820.614994179322,5,3871.8805197474267,2143.033298370824,940.3471497192163,700.2347027128127,5,0.37331087325772827,10635.657095210398
1129.5413976678028,42,2460.588642116447,2731.0675183970507,632.9568533242677,491.85669105977627,9,-0.4583559776600197,677.6521290133069
2044.6537645622461,19,3778.8786171158213,3741.775532887606,1410.2909179250667,957.8081029547241,10,0.33063576468608924,2709.368588959312
1414.0237781957749,38,682.9025775010832,2329.824628594848,1686.9164321869139,747.3206805182487,5,0.07133300497192863,1517.3733600870687
1366.5592208707312,39,1965.7766167595648,1226.3426245868625,1411.5658356401907,937.148682576295,7,0.10747175390856922,1563.2608058696128
8699.145256099066,29,1410.552268367179,2495.6841880512543,1683.830805048829,574.8291759449492,11,0.023158000805982626,8994.54240441774
7332.920734420213,28,3057.873377432554,4777.794330777214,914.5858919734534,333.01384731382564,9,0.3744751032836424,10114.921016420434
5267.564461785927,16,3934.539816740363,3566.9375891942327,481.37054727594955,147.5440177282498,4,-0.45656664276436254,2867.7203207336406
1880.5074458590134,22,1397.8552185548674,3685.9165946688277,1528.311705315666,753.4763663354654,2,-0.23897160846415189,1454.2632005989328
5424.5428760514915,19,2789.6111051592607,3529.128614550559,848.854109254797,209.1726982049807,9,0.37576253885915534,7448.143727142613
5261.245937025091,48,1193.3417146590905,1795.9685558377473,1408.2874854124384,372.4976154447705,2,0.252345702531956,6590.704458121569
2558.8168291901366,20,2478.6558910006347,2673.3354564091205,687.1590955671782,579.2238170955077,3,-0.48235483982139415,1331.8023293067997
4904.664843141758,31,2123.7637034091767,4003.759193453273,346.2133426520108,607.9749290017729,10,0.01700628320970865,4948.743699672772
4586.542609576361,12,3902.0186537103796,1405.4915902126365,1986.647231877974,640.5248772884224,2,0.029572680712674826,4723.237649088336
6542.650882469949,29,2629.845454437633,2111.411104358849,481.1627142750787,249.62979731473058,3,-0.09911786487208962,5912.512389021231
6715.842857808794,21,1723.2723023038657,2105.2764338634142,1979.1577891342658,441.76366433948385,6,-0.2026066679380103,5381.019158871648
1407.7360879484006,33,899.3352471077668,2728.0757103780243,1959.1038786196052,655.47480440527,3,0.1817248504123421,1685.4229070723452
4371.513531638241,12,1029.363900572271,4921.47496376874,1628.8725870344713,972.8369781704063,10,-0.2922095352952462,3027.1643331176315
6632.739241428128,19,1288.6092548293227,1270.0101867352878,1386.9613317475958,754.8680239297198,8,0.29894856207170606,8677.050047379627
5528.226327220789,31,1378.3833146910429,3074.80397752238,1240.0526904519525,930.343381384562,11,0.3030371607674718,7260.798398874456
8708.4085706949,11,3477.1562024439822,1717.4587280488417,1758.9827816801023,785.9908524827594,6,-0.08473856242717948,7965.663126974747
6928.242684570505,7,2464.2797589888373,4882.706181638976,720.9911389150783,632.5452720031604,7,-0.21645198909035235,5451.386209349808
2466.409843732867,33,2331.8681898102823,1453.2140189098568,1041.8261824727788,272.8210322227101,1,-0.2161218184092868,1922.5371750073296
1635.1187266038687,48,901.6910515422612,2614.4040094463653,1314.9019448597035,700.0170867032617,3,-0.01770867600378989,1643.7608219872845
6781.773503856841,28,3510.4889267230224,3951.5399393384246,940.142856565084,661.0416093639163,3,0.21957922474935876,8230.196479952798
1238.6017948745964,7,3029.850061229693,3818.217712109781,969.4756173624824,642.2222534115398,2,-0.14113130900614124,1130.9193319911346
6271.98023146117,24,736.8392666500056,2690.914547575729,794.5124015037519,540.8072811894167,7,0.11004334545775152,6997.280299366937
9462.072172824619,19,2977.4228403041902,2386.096671810873,1215.617270032165,575.790943590348,9,-0.11751553941740567,8386.403347007155
6179.26760088291,29,2402.383760699261,2590.449514211482,1731.0341504272087,400.99827440629366,4,-0.19547681084861668,4966.111433060845
4493.529335858697,34,786.0387101137239,2057.105052634557,562.7510804113631,567.3814233780729,12,-0.47514048408420584,2287.840706725581
6789.593965981178,18,2104.0522453502977,1821.3317548271993,1881.9794697561945,277.80031511063044,5,-0.49608589426460936,3465.568906679848
5124.27601442365,11,2196.4370049551644,2932.15879023556,1440.3577767468134,824.656957624339,3,-0.27279232216799554,3657.434794274134
5910.551103843414,21,1080.2108905714651,2074.1350242704293,1681.8917828240544,267.19925922883704,11,-0.09359371319900456,5402.159311993461
9473.183278988727,48,3809.943514500988,2149.8466595890004,1201.143246734021,176.46966090051978,9,0.35126116736206026,12762.138335359445
4474.923740206968,24,3474.9138001823167,3627.0242538982284,1603.1300625633144,492.62142372144166,4,0.2984842429304254,5731.265532272502
9650.715074415228,40,2841.578180651879,4874.149326799568,229.16071521104098,692.4766955554556,5,-0.2328347374120101,7403.7433494113075
9148.155777604574,13,2118.034463502125,3414.5488022375002,1673.0847646031634,493.9451424401872,1,-0.25545955701570067,6870.311982674008
2762.120213103668,42,1941.1793955457797,1307.9178682598651,272.24994635365977,349.07871875617775,11,-0.27267792892997256,1960.6708065180112
1624.251707876489,26,2778.40713502834,1302.334455416268,1801.8440774531525,602.3540655013967,12,-0.160762659471133,1443.0844148874762
1907.0020123968397,6,2409.011542924169,4805.692883382264,1985.532945029558,412.3021018709799,2,-0.001801280438314623,1936.4039941676165
1163.9964308639476,28,717.9558705865996,2189.1631612293345,729.3214319182001,939.5809211139698,12,-0.061332227968424524,1100.4439125300614
1849.9866468033556,12,2293.759270696161,1368.2679443299016,578.5734013144286,930.3806256432149,9,-0.28172680121850624,1307.01461369054
7147.0609607472115,15,3322.4126603149384,3396.178348601526,1577.6540549444733,552.1346379748859,2,-0.36954859005638196,4487.579792066328
1640.6978361420609,17,2107.339571589353,3494.5951131610645,655.4474136564559,395.09559461643266,5,-0.4874221875138046,862.4936692380763
3870.7806726438516,21,681.8480214399394,3594.0192804747526,1758.0122897099661,763.4191725609752,8,-0.34603676133349615,2573.650307775835
8603.87779872509,12,3251.973697844116,2069.608111430165,385.11666588345804,133.04164913475998,3,0.20535637019411823,10341.064102182429
1209.4474216224328,25,1204.7732374759103,1060.4427368579002,426.7193534828449,527.2921054392862,6,-0.2563614306544171,859.0660839497716
8330.21634330042,22,1405.1729221081357,4860.061477817888,1962.472799181108,402.69105484330015,4,-0.03139818987849019,8057.971287903478
3536.6929729605995,34,1076.4722370130357,2003.57218276441,1412.9100168860084,928.4822965922992,11,0.0913011489232447,3929.2785385735356
2063.4834485949063,22,1655.7527270502414,3704.1051522101898,1724.397003972115,110.80272454541429,7,0.3868409028316071,2800.878831810615
7270.634488277356,35,3148.6302699102225,3826.519479514838,783.7928792327324,597.5333881465142,10,0.3888550983934195,10154.981659836174
6660.4856210189555,42,2317.8505082637807,3440.0296683179427,1417.670749137088,766.5972229599633,3,0.24573373368135898,8299.305612382606
8897.248121743476,36,1217.084459527494,2251.629576854593,1269.635289155475,536.5161887716372,6,-0.4648430079514986,4678.787585183487
7615.639394234972,15,3572.405273532143,2084.385015056263,1285.6702162213046,176.86272714644952,12,0.0750704190854149,8164.267015085304
8231.328373463637,49,3578.5364923303523,3390.6731308108124,1428.5584271678988,975.215251025112,10,0.2865834708315065,10620.774431931717
3538.3111531417585,29,3547.024487661024,4464.382534446766,1235.6465116323775,566.2093882384881,9,-0.4827119552366368,1920.4167554251394
2596.9558940175057,37,1335.7867398353874,4786.934915693582,972.3122647447987,652.7676198871102,11,0.04968461365657828,2659.616008125861
7755.532764767725,42,2079.337704633458,1423.6232176150306,696.6608498849844,312.9488044367566,10,0.35776414578602944,10389.22549566765
8261.512653405376,45,3947.463796493063,1619.3144503908793,1583.4463956437637,535.1482765961234,1,-0.025897924157733065,7982.078984506435
9914.546278006059,12,3202.0436670849663,4778.9450351323185,607.2903740057352,486.2345427624897,3,-0.49589379710255155,5054.50505304999
4713.559092202839,15,595.0859742894594,3946.1409133391703,1446.2377510779456,167.40625780178536,2,-0.48898664166439254,2319.004576066489
4348.162772135049,26,728.2160694117222,4531.975299319092,619.999080768788,195.54431819272048,8,-0.08336396258624945,4060.5453880238288
7987.716646677972,28,2123.759818843165,1810.5305365413726,1325.594305918017,853.7252676568971,7,-0.34499133258324544,5292.764083831262
4067.2318622771604,45,3682.2707205154607,3350.3434844376075,1544.740880832252,315.8379569859312,2,0.16445065709325957,4745.642626682419
9376.815930432083,21,2385.4562928345,3804.5583776698945,593.6850000317706,275.46244434876746,6,0.20879926490615397,11303.369938349264
8725.714766587105,16,2242.3437781200155,3720.4475417878907,307.8979415503549,554.4203061251253,3,-0.3221202045393714,5917.74877251271
4860.946246375165,36,869.1579498482071,2632.6067634667925,435.75273738951336,791.8724182262616,8,0.3885332885244849,6780.140044427064
7757.839610123477,19,2798.730366535029,1061.579566765234,1290.7945410878458,155.75186672108913,10,-0.05809215502107412,7330.093812099819
7790.885866762141,20,3377.3610621007892,3331.7042272170524,1729.003531206324,619.1271276744303,3,-0.3571540924080763,5095.322064627305
1928.1148195233936,26,1831.4700262764682,2012.4061567184349,280.99427822376384,207.289398556516,10,0.26425159806939547,2424.6171193524096
9122.9761601161,32,3214.641478238646,2801.0169845715614,1521.4722662749632,132.81494574305663,9,0.28997450001677283,11703.364462129555
5547.271352030714,24,3875.6682886528406,4830.32406033527,814.3735627100938,147.46955694599563,1,0.1392954726654575,6246.117101658779
8438.117194969675,37,1213.1826069469118,2596.141270569739,1061.3510658551404,850.7476973875972,5,0.35346555320255313,11336.836393874648
3880.4464092755056,14,2331.6537091815944,4359.206426657707,1871.947189722018,206.17523526525542,3,0.23737297203067131,4811.373452377758
9059.709056465805,44,1504.9828532960144,1754.1624229970046,797.5487085245219,140.63622797106274,6,0.3822057372269906,12510.663400418238
4502.815108607469,36,3274.990466618438,3689.8419921001155,1037.6064810910748,494.1098984286211,10,-0.06611195151452054,4206.757944613075
1097.5388633226853,37,2521.5767805840514,4908.027817755774,224.62834656922598,859.5941247478223,2,0.24759712809944245,1342.4333568185996
9148.437787773373,6,2721.0384614260633,1407.572403491747,346.87769600870905,336.1675388403718,9,0.49975156342904437,13664.875532210332
1821.580091075202,37,3292.699558655629,1033.2797689087681,665.4648640426112,479.54135577332477,6,0.2249311975196192,2262.0270765700166
3873.8227383137337,37,1885.896654318592,2734.3311705304577,250.13403347793394,135.9302793073761,7,-0.38581621976286784,2256.085898393775
9550.557703457243,45,3702.8152394246513,1370.5019322054688,1336.4755868868517,504.1706627213883,5,0.018318722429182976,9685.431940683085
9555.464322438005,17,2365.60103536149,3993.5373987049256,967.5170422429205,619.8517725734204,9,0.08734779124302794,10429.43753330294
6160.940993109575,34,1052.841879923718,4658.194655394236,1186.6613649104397,613.8163483769304,1,-0.325789324928609,4108.730264704262
6686.534909528194,37,2935.6469135908087,2736.083890835035,514.3649346133932,399.18402295692863,5,0.4628916341780376,9801.25975177812
5036.009697804878,17,3276.4147265338906,2034.846568621764,732.677652985909,383.979862596822,11,-0.3244202223653837,3362.213357031967
3638.896945282581,30,1608.6658697363434,2737.613276026439,1394.8840547349052,195.9612570429381,10,-0.32244208028677723,2442.7712006049524
3957.9809083292434,26,3500.1273994956355,3893.791271400004,1937.5449025347198,430.11848858164154,11,0.41516713797455496,5629.950539988465
7052.666104693346,43,3671.501391680182,1036.216646321484,290.75019248397655,189.5452019856682,6,-0.034794566878328936,6743.379226389913
7771.37076493912,6,1469.1657058223313,3357.815957938789,1802.691777539479,789.9363502408464,7,-0.4368117207254838,4414.008845214161
8124.211393532637,42,3942.325154503277,3453.166739549516,1238.3861623601751,969.6468679733673,12,0.0981874999385286,8924.203423858104
8106.563285150985,43,992.4903481706544,3550.752987583742,1215.0552201601226,973.0670110000362,4,0.10182634863304785,8994.846967809586
1820.8549274382133,30,1207.054839408715,1968.0883199235088,1100.5013633739686,878.5639894378545,12,-0.4354992413134382,1038.2814865793728
5449.782742323233,19,1144.7869373330914,3856.210893512507,324.9093546275301,640.7129344056572,1,0.472522495633662,7971.453353363102
1518.0288401497985,38,3628.9639850275466,1365.5659453271055,361.7783331250892,730.7791275194919,11,0.04402996529457559,1671.2673183948204
5945.75994091362,46,2790.0239331373664,1797.0813458672033,1281.641610186355,356.68522241237264,8,0.059795722179764255,6251.993803247955
4973.774512360393,48,1032.3649912779551,4509.880186617927,813.7254285840049,667.6933781553586,10,0.020115414502394513,5062.46624411127
8989.337644824698,44,2041.1319642892215,3954.8926029062654,1851.0825198398252,510.0845944958897,4,0.11073177964462,10032.613446410602
4158.235112968709,15,2653.5430877443073,1054.982216045381,931.86296724705,533.8156057992393,3,-0.23570024722624505,3084.141680082949
2053.603147848453,7,792.1242974628415,1993.5050414792008,457.90662566475396,781.9989043376421,12,-0.2127586520251592,1688.664759323286
2286.9251384755225,10,3588.4572894256858,1857.6259319726582,1486.4939003036648,353.7265200375265,7,0.01133908979613274,2255.3125733614143
7853.5956854572505,13,3312.612374045373,2083.2253121478902,728.0361585938177,386.2356505250679,12,0.30668585476357957,10239.43242022739
6563.96256984635,10,2268.223707518234,1990.2390811195455,1145.8465532406076,932.177612015773,2,-0.45013542350582114,3623.733393802089
1910.104085105112,13,3884.9431534070964,1250.1051829713829,1456.099013909306,150.60186536587503,8,0.10340421222024598,2105.53160047981
1756.961255034977,43,1962.1634274628489,2835.7620663872813,1820.4754001637268,537.0708685720064,6,0.30677814250631397,2335.4173682326923
7308.72218313208,35,3944.3861166277425,3930.9338991446607,1625.9441506430169,921.5207203670756,7,-0.34308272796277284,4721.185460072541
1654.8670572777419,36,2837.719995812695,3426.926898869746,1417.4499221709034,649.3267070363413,5,-0.4849774580194337,888.6664061677179
8396.740533613207,45,2721.3494563887953,3691.486674392319,1423.3397283112586,591.7663667909189,9,-0.18728670485854193,6864.5047869093105
7356.180044408466,16,1080.8421335352475,1324.5967141449566,1902.6643592577557,324.7697613064197,5,0.08814370672959815,8056.042312355222
1732.139025777098,12,3586.747154066254,4805.962840707149,732.4833754937649,408.94794015800346,11,-0.3617168265952523,1026.1121555528937
1763.5394267667273,12,1996.213907722153,4353.967335372099,202.00176955313734,866.8435742242236,5,-0.07387762902751449,1559.8065535292085
9879.75620651058,32,1067.8169202386778,4220.361273982651,689.5182069167577,603.2963185916124,3,0.05232149737427794,10379.561062445104
4368.437161805083,24,544.1263199151566,4291.93522016707,592.2044833281392,563.2679743811019,11,0.09888309475731716,4732.360458552105
4335.779323602019,11,2459.144892734339,4730.842032531045,1391.3022532051966,189.62174218602604,1,-0.22558827899962486,3267.479932897757
8315.196105317522,15,2345.898677429367,3177.015864454791,1340.6808795779523,114.42534080961082,2,-0.09997036401370862,7464.649720962499
9525.23719645473,24,3017.737678292055,1801.1280714705035,1268.2304888685028,967.3166698183442,8,0.2783392290675587,12188.18894247446
9874.009574405838,20,3615.9031855623075,3467.134431410165,229.23819777701667,439.2875505581575,1,0.4412146941206855,14370.516665036763
7780.4036673304745,8,777.9230462506033,3971.525974671756,1511.8004980111655,642.8917558895539,7,0.36188033111825724,10623.412480400015
4386.336269778241,10,3060.237716191268,3951.6695734161017,782.3547424738847,171.7435658685565,5,0.06428350173343189,4755.918824974937
1751.5064502880189,26,1155.9418043415376,3085.7960966675205,1397.100780211936,714.8028571507419,3,-0.08970719705605346,1592.1761616884041
7994.322243346931,30,3503.619686050074,1273.8348773343123,1201.8411713038759,939.3100378353648,12,-0.1670433856285818,6686.901889655745
6025.638247622245,7,3366.7222985157964,2484.451753720511,816.9156657702329,618.0987276976776,12,-0.37504343391598194,3758.45530292188
4817.998083222787,45,2392.778142449405,4683.06643385343,442.23728078739396,213.50379013786952,11,-0.393448752783887,3056.518907299467
9157.189465852623,46,2985.8497951815903,3337.795639029704,369.9540157888657,623.549374726129,7,0.1883576249136577,10847.736381348535
2000.777340755362,18,1600.2253961431193,3153.3277730228538,1696.7329996020023,789.7124917941871,9,-0.2402055838288396,1492.6807365010477
5433.625938617733,15,2149.087646264851,2075.414057528774,1853.1155757468043,465.7748829166168,2,-0.2453383135675532,4140.376348663154
1102.1828029067717,22,3375.729141986651,2473.7956796663157,1369.6184841757392,891.8539731473211,8,0.49819505447778567,1661.6584696273558
5217.945777947137,16,2107.4281901062486,4581.384356612677,386.1814067488701,683.814658021628,9,-0.3120740421262046,3568.352247253955
1506.7294811365362,27,1752.2939286390463,3665.8521901073427,923.6489903988333,909.3240264602822,11,-0.35194024051117034,1024.4696025969806
2069.3612464126472,16,2229.7435653760494,4149.548107009332,1512.090560189283,661.1547801226035,3,-0.4013147722400794,1236.8386508895528
2057.736220993944,17,3398.8723835302644,2817.3816922706205,1603.6775912181226,218.1591748043418,2,0.07980534516679616,2219.544734000215
6842.892719044572,29,1673.2281657980545,3520.988877824632,412.79352012395947,378.7225399946702,7,0.12786382600210144,7729.380278399979
7714.40391338881,49,1108.1655759751034,1993.5344349728302,200.05529392168836,281.61545342721126,5,-0.13477207374311806,6588.011665813758
6250.318885874437,23,2992.0490711577327,3821.843321133945,1481.846682585089,917.9438479451761,5,0.03541333551146775,6392.000826044099
9659.552936270877,40,3390.923744478286,2710.4053348133493,841.8731167751702,784.3600605587344,10,0.28839953094491255,12499.70825285829
4373.835215713337,49,852.2311748323666,2770.182059258982,658.0663969128684,708.7585320190054,5,0.31810416832174837,5731.322345838328
3571.4087765367467,12,1339.5593946458066,3597.2892983075267,223.2154456211458,370.8696876684595,4,0.4579120757156483,5200.152415219287
8817.392153705143,33,996.9019641634786,4745.122485875707,1172.5389321706994,265.64029484519216,5,0.32426798592287454,11757.212080285413
3012.3625466750736,36,1717.7949405375832,1256.0253864344836,1732.0713237667671,780.8059791900206,4,0.06484143671742659,3203.295089318772
9669.002854965502,48,2076.228426168944,4298.97294938803,1923.7369632906582,526.7421512911717,6,-0.320343034163154,6561.100702368296
1109.3902722083471,22,3120.8921793715726,2169.5324416487724,1218.3409111039205,303.2105969355662,4,-0.4002364422971576,710.1757360153675
9728.90944036875,10,2779.0165470858597,2775.6778180255114,1126.0303899318096,654.9597803487476,2,-0.4454881100891408,5364.882714722833
1388.439207555185,22,2673.249986174509,1087.6533151000358,353.101493880634,136.30046692460678,9,0.16652583178538372,1679.7966629408531
9020.28802328264,23,1733.3123131337904,2204.1843113372524,1187.9710427766795,393.55322871542813,2,0.3075362553979931,11838.131520546172
5749.309981776699,26,3445.06643579666,3010.524970520522,883.9623421377103,521.7012951320212,9,0.008683950684079011,5890.753365891348
9936.683165073702,41,2149.505085893576,1224.704309389756,1292.8435055904386,233.16250069846527,10,-0.44528582516636006,5477.50185033332
1664.1690826185898,36,3926.867283053041,2964.3829175326605,899.7074261777841,986.1890298317556,6,0.03547057459133818,1791.546848506332
5984.688559611887,45,2719.4974840350787,4708.44251543371,632.5384222106602,288.1876281306528,9,0.4357492615245504,8620.216785267388
9723.722820571891,7,941.9265954757595,1421.572872431221,370.9374954110777,217.31781703893898,9,0.09761319093246046,10606.618113646946
5707.880597531339,32,2866.621467264019,4057.7629123020174,766.8532002600123,283.18138649820673,3,0.30942748846281487,7344.24693404886
6664.587743217363,14,1637.8640540109463,2638.6842135039706,373.96070171795407,792.1550198437518,1,0.3001526483917506,8625.080060678489
7261.738200861554,39,2902.145188401341,3620.694858097352,518.414511483171,482.9550933446585,1,0.43212909978065284,10414.363982809922
5090.86958290996,33,743.7440185684201,2040.9463919409175,1977.2050854431827,608.8743457772841,3,0.2702287656498733,6488.436383014593
6648.022720756571,19,1112.085030115858,1637.9690501654331,999.3864024319136,118.90824128772468,5,0.24770051401308957,8291.787312594419
6258.828807307902,37,3495.080406170252,1641.8504570849059,1157.3691797090298,130.9881777159831,3,-0.2658973350293594,4592.116438743595
9110.4220944189,11,1295.128449582302,1281.9677825725785,1772.5133517269876,501.2429948443145,12,-0.44007484467891855,5094.854831253105
1409.0174230731209,16,3429.6439383502902,1742.586819604972,1992.024020883238,834.9897188814612,9,0.017599465053807717,1485.37623265762
3528.668706330073,34,1477.4663095904366,3656.877539955873,1248.8860088204267,896.7149908368087,9,-0.3755657920532448,2131.6069638295667
9553.703356689028,25,2750.086685205477,4526.7624473740325,1662.452877879509,178.0359108360762,3,0.4621958762779913,13982.800144210616
9012.374055018247,35,2929.5270072844087,4256.502742364648,788.4938438060154,584.5267918909205,3,-0.21007523736697142,7077.9598723772015
5100.9107750714165,28,2294.291636007685,3740.5372394979363,750.339123405124,921.9067176513435,12,0.3529442033842931,6855.920611860483
6581.193380213831,24,1568.5873684385595,1441.7274536444106,924.8666977902084,449.17547895809776,5,-0.11237537479754067,5900.44083569255
3496.4306468301943,41,1244.2553172988364,2156.7497851837993,1410.5130728125685,846.6092482855317,2,-0.17680575014262256,2829.07844964973
2693.0904375138516,8,616.1627409684918,2239.227501289876,1427.9450406591777,220.32608895949258,6,0.43515857237662114,3858.0359158885162
5173.285644459839,32,1563.8124043425332,1999.8277855904848,767.4309823690114,941.8550407010189,7,-0.13667742791377602,4564.139188805757
4180.170052234475,48,2786.0697668594908,3060.0226388388924,439.77786344593164,776.2809857781724,9,-0.10971209133686355,3763.458702064189
6252.905006657848,24,3784.066864569689,3142.2152595186903,1338.3132616379155,947.2009535082115,6,-0.39390822038709083,3767.0858075877063
1699.6117326848635,28,3549.2156879206823,2427.543900684441,430.9865519397761,708.9555101972559,3,0.1704466652825093,1970.6862318757317
9769.553268995498,36,3181.226717873559,2415.1566349457444,1241.2865148127942,427.0635387994843,12,-0.2111605855224865,7645.248535488372
9875.896700316425,45,3259.5657013865452,4314.222391624326,1448.1598305013563,944.3630552722502,5,0.0856041678395072,10786.34688112925
7283.455426177707,40,2827.4471621659836,4157.1713932787425,1461.100693510013,348.01009867826065,4,0.09135170405320947,7999.379081150689
5824.867297097084,38,1411.0040014810106,2231.1833267229827,1556.2497991872742,398.95526985555927,5,0.21919969559576702,7136.006549199991
3785.7485465769496,40,3675.1826074704045,4655.153775493038,1771.1469588181963,730.7275762015663,8,0.24524148617244124,4754.012793655097
8324.155177362538,6,2847.563091670419,4811.260068010024,1099.9261855366192,788.7846695728476,8,0.014452434401539427,8405.733253541735
7162.580552984913,19,2461.5422084315396,2306.970168120163,1514.4485411532282,936.4631354642385,6,-0.169008052396597,5874.651141454399
2463.5524541040218,38,888.4631422471838,2417.6997951722196,1314.510923658506,284.32216815058854,1,0.3374508948347339,3322.907455478919
9198.344660444582,40,2064.694403322489,3022.5366136878356,535.9518916358286,818.1982316973016,8,-0.1901343505915153,7493.851265595089
8402.83518630852,10,2111.2539492067417,4764.483250134694,246.2413607649347,764.691448057267,8,0.0075090944693314565,8546.285203689082
9548.199219627317,43,3525.9726333293447,4505.277732569246,712.1744942184807,157.41510062823806,2,-0.09874741679627197,8595.294701319268
7531.475575495239,46,2413.2687706572597,1410.2718503343592,997.4606714077149,448.50082708918626,4,0.3550783859696881,10188.4022028832
6520.736763422109,16,1831.4019213964339,2570.922973085665,1310.7906999715813,354.4889113540887,12,-0.06808146885417121,6064.832416323465
4764.18732661557,7,3918.8011497873076,3213.4847589990873,1729.9267949057696,374.04138191862734,2,-0.11390081116251571,4255.079716855524
9394.55635018612,49,887.5220766421048,3012.5298902061604,553.2422900710981,984.6521915992307,4,0.18982369289763745,11163.761265579638
8794.575005503675,22,1978.919499091806,1775.4522717475706,425.9896218172588,678.4996721319351,12,0.10244110986144273,9692.889075489009
1406.9680309557048,44,647.0863630999186,4435.267084672619,1934.2639054537894,745.9085420141496,10,-0.3927531665041539,895.9295261896849
1237.302770475268,25,3089.6644226842564,3707.7631319873494,394.4802068775328,978.9558735835083,7,0.00816880634396322,1216.1182494344428
4388.170301902446,19,3713.2679326970274,4351.633499407215,1061.2839261929405,439.4816042118748,9,0.23547838833324763,5491.047271597344
8294.979977036495,37,1480.130653426713,4435.057117397889,1254.0147118279433,821.6561516075253,8,0.49207476459135624,12408.384746893069
9885.4851638345,39,3504.195868796923,3993.423414662959,1174.4739576333889,491.07786697404583,12,0.12914683397031912,11069.283243537271
2353.7520199317537,30,1522.7638066166423,2756.8424049988694,354.85788265929773,882.5803046334818,9,-0.12970693355868224,2022.6863532424334
6347.176438169216,12,3687.6955657537032,3442.187020061698,302.64844520651485,262.5917871801729,8,-0.2738484001978816,4507.795149892583
4428.017709679194,40,3138.866662588744,1641.4616244789727,389.8701694298642,952.9175593578516,2,0.3728302341533203,6069.082619299597
9729.229580331428,34,3317.173718945035,3694.581669899631,1254.0578309707025,296.89453756979174,7,0.31456521211350275,12764.791191763321
8579.070308221379,27,563.0229446015908,1717.013022957123,1179.8207977417778,393.59845628283836,2,-0.26607717922061513,6338.11821823451
8544.958342400241,46,3869.836249759091,3775.798362040627,620.7334256661396,780.5730106961024,12,-0.29936790985342654,5942.821106203514
5218.238438154733,48,3043.348472246131,1918.3926430158747,1347.9934553220648,454.37962740886604,11,0.2151367768111756,6360.260186468249
4733.375521038986,18,1566.6288338514667,1470.2052006008798,1676.121503700169,647.390239089802,2,-0.18504793808124054,3885.916521179926
3460.663647376356,18,3402.8813270059645,1661.1379605718298,274.84212772386877,500.1161509624857,4,-0.19360120163804218,2803.5347493906042
1507.379469858344,6,1485.3241944522547,1007.968540876281,1096.6338983864762,768.1329433808037,1,-0.34770975293234474,1040.2551059072368
8782.50138629548,41,3554.638438481448,3874.958471414121,1440.7587417848424,305.49812713174975,5,-0.2360244802901701,6813.0305034894845
8316.109082170698,9,894.0313664417795,3929.6041962335166,654.1614687254367,152.61218851318932,6,-0.07249244240735042,7718.851120613149
9997.459059575176,42,2962.900921112785,3059.733399653038,753.9876295276683,369.9364577257596,9,0.23283833727241554,12345.509779800226
9969.731533665148,49,2392.444668257186,1645.4512042215347,1304.548225380891,526.8777983815872,10,-0.16369190558625024,8293.753333044566
5998.885350423647,45,837.8706456840429,1334.2173500427589,1816.2835281987263,251.2180469734107,8,-0.1713956605201573,4919.726262701928
7920.886736624595,18,1346.6283989059366,1076.5158657491481,1657.8639565452188,419.3175606907498,2,-0.21508674744756417,6268.900454060096
9502.891568941852,43,543.4141269706017,1662.9927078608828,1249.6343943792504,459.98471646421166,1,-0.02171633248895699,9341.599891329372
8646.826516096702,29,2140.6878791257705,4563.422139932587,1514.3990919630485,151.6526593194462,2,-0.3193633020586847,5833.866453878904
3226.132915688779,24,1554.4284126600014,1966.147366806727,856.6804463740376,624.976523365784,7,-0.014369265967874467,3114.3647266500593
5054.897217790842,6,2594.251195042156,2417.0853088688627,1353.737950577764,895.9090851741588,4,0.20417555619468986,6054.546828506248
2162.434736363455,43,1540.3323269801601,1421.3819379253327,1039.1268640296025,236.56862165774717,10,-0.4702094959673778,1138.5684904439397
9586.459245328502,10,1549.7168902744463,1889.445218992681,541.8850456236096,638.0272120613627,5,-0.49022061969423814,4866.522932985843
6455.57171005792,21,3101.1761955606116,3076.8982831208205,1463.1288929790628,698.2652844197617,12,-0.4248770898454908,3720.7729320162457
3057.7852495311645,29,668.499925924237,3431.01073238261,1201.6363472278795,477.4012123773595,7,0.03566006172811209,3212.679185899386
7045.30615965271,32,3660.1324831719553,1981.4092566648442,845.5188475164645,730.987828627843,3,0.3544550831854034,9565.655959476793
6563.154164121062,6,3482.923560369135,1230.9286369004687,1840.4105421415354,469.65838914191085,10,-0.49511553397974806,3340.4406354450616
4223.464462295564,39,2837.316391292423,2564.131476509595,237.68141208811988,554.1735591796914,2,0.436661304584681,5945.111144548138
2022.0183297966612,41,2576.275495375845,1936.8134837053367,768.3916722490928,106.61774009898429,7,-0.3937214884294642,1145.2111123515065
7044.158760335196,9,3623.058743488783,1878.2156929192079,302.3865159997638,722.54810272122,5,0.3419835280582263,9413.322185014586
5682.7693081341395,5,1148.6556283505006,4839.451210853821,1579.749169198929,695.208411050252,1,-0.01714523501705323,5553.767210390508
7950.865525620754,44,776.3920676679002,3465.201943702896,1463.7934174048266,134.5607895937101,1,0.15935738727884396,9259.886074136073
5681.47151000794,16,1338.2855946833834,3227.5137726883836,796.4339937253707,431.42509665561977,9,0.010682984447182409,5698.221510213059
8669.633502866862,40,3281.023975450666,2663.100414093288,1416.1932239727314,981.1286567125006,5,-0.022951774820645365,8503.996409999407
5967.16154897037,49,621.3459335426917,2715.777333720577,912.6870071527097,478.66290631175514,1,0.33489942836439146,7926.305253738209
6048.441743818476,27,2539.823922792214,3163.620015352323,1561.2568245603818,551.7508646186575,7,0.25588637956781635,7536.111389301395
8889.882423925104,35,3984.031306669585,3785.719228144429,1017.5305929260709,918.9371423437467,9,-0.01659776347699582,8684.607775162303
4631.345795911573,15,3494.936328431388,3808.5843847273177,942.103510096998,745.5356882791808,11,-0.3883640706039384,2945.6108149013785
2206.1370560557666,14,2325.059911652563,1686.7756308217981,1882.5138478789418,623.8631180118012,1,-0.38459704068559186,1317.2950245243953
1259.0440868200508,7,722.7431825032481,3000.451008306508,651.5823798032604,818.0242132069652,10,0.30153946071907545,1673.2449222243267
7796.235301062571,18,3409.8073003499844,2647.8323801364077,416.8052119938178,877.9296398103759,4,0.029390621347533452,7947.461579244864
6582.785962181182,20,2596.424778620237,4482.107865077536,1252.1776038670248,511.19926456354017,3,-0.01841085978063739,6532.537663074453
7336.717912893012,14,902.265489708484,3525.6756848735054,1944.779262111522,527.5975284386518,5,0.1805668413607151,8678.937949631867
2916.677453580197,33,828.5004968817467,3130.0162656639272,880.110584708936,447.4458420866522,7,0.3588415834142603,3977.001552771232
2227.343280280928,14,3683.693868028073,1461.5785687156695,311.66617453180675,970.0355260166145,8,0.12887314441330522,2535.0793786557433
1130.9019910109373,16,2842.2009202832746,3422.5515572936456,810.7494811572215,727.4496288613153,2,0.26284790234647903,1454.3571933298865
4155.288029259373,34,3402.503797608644,1468.8156227209338,1110.6769777752052,174.90075958726507,7,0.26527052411695695,5298.016825580168
6309.259181691697,45,3576.4261509879357,2348.826302263008,491.4614119379847,876.6636609817166,1,-0.14373855120704093,5372.4205368151615
4530.196405897591,5,2501.2032321691277,1571.3678592573274,1384.5839925016858,532.5039467526412,7,-0.2259168043590043,3473.8694960699545
4937.274298213561,9,2311.0622311426446,3768.2945880974758,1995.9489002183611,161.87851578023873,8,0.30116406717515865,6426.665100525339
9137.428250443736,24,2006.4959361234658,1825.0084553446104,1013.1310567665988,594.74552964698,2,-0.12282120821575648,8049.379660760366
4134.299203209703,12,1609.3130572689174,2567.437492752104,838.5114021143828,475.44785107813186,9,0.4033360065227052,5798.4781597911815
5625.905402438297,47,2021.085863005491,4582.699110475114,921.2675003020399,889.9744643763623,1,-0.43030930326988037,3243.7210582427724
8052.8771146702875,16,3208.5787950555473,1817.2655335958812,407.263121111362,283.5951432484486,6,-0.44178248792466035,4526.148867134783
4568.885040891431,5,2606.7320085529605,3031.2202558351164,1789.892482567203,843.8181485429647,1,0.4270041601014083,6508.968797306364
6598.780302050862,24,3623.8315148419615,2677.086644664088,946.6861799384336,601.9198220669075,3,0.14845491418143486,7491.042667004923
8761.273378720707,32,2051.830050327157,1072.4961641829188,897.0939405647143,149.14927289212216,11,-0.12040064355166769,7681.234028322945
9545.685612918778,47,2624.813525515639,4171.032454291251,1387.4424912748539,974.6607711929362,6,0.2550604148161828,12067.552006745194
2323.6613283613415,41,2709.5764358219603,1276.183625258399,995.6601576760223,561.3537196928798,3,0.17232680999364125,2741.0934551187233
9339.28862645345,41,2570.940068072139,2897.0200839078143,1366.820243854123,361.7891688084242,8,0.031201046819596234,9598.706701585643
5429.046637715844,16,2959.2182057993073,3242.7131797558,310.6033222354175,522.4661577903323,5,-0.40112665733734865,3263.8438862807106
3324.199494690625,41,1331.0171393118221,3513.7058264583484,1664.7020187000094,872.07200516574,2,0.3121795872927515,4395.778924438308
5132.221806144352,48,2293.273221410267,3754.526517231502,1892.9071151829246,374.41281194655716,4,0.3660231906806247,6978.780726437405
9820.293177569294,32,864.7868098292168,2013.0895340908603,1367.7776950868947,273.4087568380303,9,-0.3278313114473509,6662.662781075374
5433.562845935827,19,1845.789646756844,1039.9151066337974,1918.2186719458593,216.16412223779332,4,0.3505116519770667,7362.874836244187
3958.764492587574,10,2206.8347401744254,3893.774649419648,472.57816586593395,368.07345855119013,10,0.3778473110165642,5399.577572401025
6700.607688850532,48,2782.7849084091536,3142.626397390314,1059.3491410646366,802.0432783360391,10,0.04942861228851603,7074.627742727294
3161.310569003738,24,3826.8586840517123,4344.470812828995,1283.252121101805,524.4637286757355,8,0.15617903622268703,3634.5603376314507
1682.7699529779752,18,2602.2787329192456,4285.5534516027765,1247.125965358136,304.73344332418594,5,-0.1177626799855086,1475.6459322009202
2159.9174971958428,6,3102.578706617959,4373.304671151533,922.6312023602778,249.56649964877428,11,-0.218208352490734,1637.8070237684228
2152.412550619952,13,2271.93120823321,2940.378639918161,808.5519368592705,399.4565288593412,11,0.22198314695164478,2661.784182779277
2367.124241610649,41,2719.3641098171597,2334.5135833474624,428.28324059075385,945.9319355971379,10,0.3618751490158082,3216.284417947663
2249.444553844691,24,748.262756468207,4166.23281036548,905.1364110121008,408.7240413310219,1,0.15407755295574754,2629.721313935745
6767.872703228932,30,1390.3705329464644,2805.17645211702,492.7894671898732,989.3116683591718,7,0.011590610646549204,6818.767361184188
2636.9207595923035,33,1766.4858262179855,1733.7687856137381,1521.8582176859932,536.7074101888206,3,-0.34107523315582844,1704.2622323074106
4111.005549914769,5,2153.7267425227974,4419.896078245898,575.895683890262,261.2475264611358,10,-0.44654128739518184,2237.949985587203
9071.095689154106,39,659.770609258343,4530.239507089389,305.4175495121609,902.0260826141584,8,-0.05430820975325357,8598.262330752837
5265.654762365851,10,990.0843414366119,2865.2390245606803,1194.2590480710219,514.3198358213442,12,-0.4506504363025787,2858.6676550617917
7008.019646689245,41,1468.8500772695702,1302.79890923915,1271.4135188949228,738.704209154072,3,0.06933463190722511,7483.762476854725
2550.8788408146684,9,3900.3644181536774,2551.304359667725,1769.44351030491,985.3404248882366,1,-0.11727080868222872,2225.8138669366294
2730.6011692780367,37,1659.7145248606776,4214.150637850414,1238.5669023518274,145.1578152879766,5,0.25718911968196945,3454.8862764520954
1367.8175463983098,18,2187.143703392289,4607.096114184915,821.8655367022023,187.02510380881043,2,-0.19435150316381655,1015.2150278717394
2520.415567649481,16,1186.3419945843752,1813.8909699903834,1645.421386747377,748.4110673164805,11,0.09298270096743211,2767.1222582010605
3507.313051287628,46,2637.730248765189,1267.894448101086,1172.5020077373579,353.6425029659248,4,0.03768352175510048,3726.048118412563
2593.0943584907213,24,1482.39125430591,4509.401812531354,342.70451233614517,265.8712572550892,1,-0.49528757447775884,1370.5682487185768
1798.3228038135005,28,1224.4740245344938,2557.619755915501,1218.531008563844,135.42569183775655,9,-0.42761060173568965,998.5082514611233
2085.7228399054075,47,2308.0041995609267,3167.043857070253,1834.4333817589923,119.66204078758162,6,-0.20963178751397948,1673.2191215255523
5147.008912294532,38,519.2702970614729,4872.263248203036,913.362725896797,797.0370428078118,8,0.3822350810207651,7129.404554542028
2857.0034656521325,29,526.8241142722886,1266.2589116568915,733.3864434196402,220.990084632595,11,-0.35298504510022144,1921.9935716355324
4278.428749432679,33,1266.7408318565022,3593.2720298083823,458.2450226324361,520.9485543740358,4,0.21089433046054162,5055.219369851278
5530.755437693712,43,628.524768752874,1296.4216902994683,472.60193948364315,645.3071336615347,9,0.47336656615228734,8204.473515909633
7213.553457664288,35,878.0901394574198,2501.875713866001,978.988671815274,485.5166205119616,2,0.2905675526911552,9296.202148426428
1353.8092585698905,47,1686.0122726856305,4215.258180773787,1272.2236834907533,124.3959871026098,9,-0.25705463831295605,968.6448622909552
8194.693590181385,27,3309.049878529345,2733.8889310225377,345.10772930528316,805.1513523291179,12,0.40836526041308163,11502.531670701486
6651.10350541817,48,2502.1702517925532,4988.729415611801,1891.2234602452984,109.46190208748814,5,-0.4068928434916099,3879.8217719309923
1735.8312875398472,42,2294.3370408474575,3236.2371397864085,1559.2405114013527,785.7009049397356,6,-0.03185805812926423,1649.8251531051105
8862.207616960995,24,1527.2108812284257,2284.648610543814,1255.9230529105928,903.9740444093104,3,0.3875419077264137,12242.697760809046
9287.85160478632,27,3761.138018014857,1880.4453036190125,1691.1896076901835,489.55592895145503,4,0.14126570925686976,10608.917407734381
1549.7016386937737,49,1889.5526443301708,2402.0821371446473,344.3361622618039,581.9882257880183,6,-0.08635543527230116,1445.3733607585934
3491.8988333248335,20,804.8246837852002,2490.1330950382035,1058.3099799196239,529.2850533558884,7,-0.20718713326283122,2755.5936539225186
8255.811518137552,46,2659.7328064123044,1274.854710895844,1334.1676283509942,450.28775676109495,1,-0.12490059468165005,7299.641910255365
7734.337213452925,12,898.4343771681049,2478.296797707093,1691.5752310129205,898.6820818333242,7,0.00894178100928622,7776.074898794748
2660.689174207396,25,1708.2809998059222,2856.9540789568996,1610.245208088682,904.5401596029915,1,-0.18095607012719261,2163.7781962930303
2884.143910030393,5,2275.941785512331,3890.9510089552186,698.7246494841194,402.2347281773811,5,0.4689678620822997,4213.067681308609
4334.248925122438,12,3559.7788363981153,3626.917938886432,1893.5843052065677,653.5627786132281,6,0.4330776530661451,6241.246221114646
5360.706866719192,33,2227.4130311904155,3835.062620916617,423.82251457556663,934.2168059312777,2,0.37067146821432073,7382.74662681518
6564.292943772663,36,2957.905681110825,1033.4547275074283,1775.2405135180738,965.8526490472163,10,-0.0781701644773466,6075.929428879023
4320.222756127952,42,3974.858936496746,1870.6695983221443,1947.6924492883134,558.0631363798427,9,0.1913017693352289,5140.483580600676
5162.812445198331,9,960.2119196429358,3646.737153599426,518.8763418007261,507.54232475589413,10,0.40282930703596465,7175.513461900336
7727.238443203809,26,1461.5603393183183,2935.9574727189884,1499.7189155668134,350.82488433567323,6,0.350429487678928,10419.118622988111
1330.148826015381,38,1881.0162645917624,1021.2539026733838,272.51393380039724,962.984685871369,7,-0.08567298597979234,1290.0979899881547
3271.932499096187,5,1976.3986248859098,4217.978569727289,929.7610852504789,228.5328740255806,10,-0.3876139506777393,2054.3477111423745
7420.146272960972,30,1938.5737634294103,4091.2382931613497,1129.3099385558132,621.8466184429525,8,-0.42436963616545054,4285.964018644437
9056.861539184794,47,3676.6385089479422,3193.6766519742505,1245.1614066373413,354.295240766775,11,0.07706404522570265,9735.597323587537
5605.096979040995,14,2999.1142556339973,1265.8533031050883,1884.6870468474071,351.107461313017,10,0.14262793521093164,6403.859463951917
5789.021367387841,34,2627.668249317463,4066.0601981303384,1410.0512371295504,464.47172863856963,1,0.3498426045970241,7795.267468670843
1964.5481020579846,22,1582.8045125197373,3334.854350925456,1066.3003121946267,998.9136422340891,8,-0.20748497965896895,1616.586463467595
5026.711301411092,21,3383.2663447745313,4127.839908631837,1657.4150652786009,149.46967615583986,4,-0.3325295094499575,3313.233108286633
5793.555398095208,30,3842.711790197461,4006.9879695833615,1910.959077717936,620.6876363831783,10,-0.12099416682180053,5138.752453881582
3182.2345327125668,12,3374.193988925793,4212.008287831348,239.71906762812353,174.31494223174946,8,-0.14642487636772494,2689.8161061040855
3423.189078544429,44,505.47786817015515,3072.0322656184994,1968.5382900608697,239.06874699146707,6,-0.36753104598214525,2231.1071574304387
4395.557467941604,16,2727.4047956419245,1561.29807277406,355.0378503146246,495.6066475956088,11,0.1722826525131521,5174.174563982978
1180.6407799995372,31,678.9738350473525,3684.6298935187547,1665.8962026837705,559.4141182117971,9,0.008691940729375958,1153.433469684734
3898.7124902486044,12,1401.6252711680265,3481.8951402078824,704.6025545925424,332.9131675280716,11,0.22112275611476628,4745.340920716339
2903.0320629689018,29,708.3364512172009,3969.0127487963487,437.92338395696913,384.8114177869746,4,-0.1473088798302653,2510.9716919977745
3947.476169601232,8,2613.284085322857,1679.5240242029413,991.7401514849029,178.27031823033974,2,-0.1742977884222977,3234.4826622113114
2077.859186373261,37,2903.064697224124,1779.900799601157,1359.1218430057042,372.89780545982546,2,-0.02742414695614437,2021.9824949610463
9014.745526659055,5,900.7067332306679,4561.638068877313,885.7133210422551,969.9025954424897,5,0.377407345395147,12391.329496830778
6342.3320819864375,23,1843.4360906574282,3999.9111938082833,298.2177349088581,950.2366435052335,10,-0.45971869326601966,3514.5993224089057
7111.920872300407,35,2096.8277813443974,4632.913954801292,1279.0300513856898,401.3904611232865,9,0.30483281729647205,9376.42134284089
8102.541147466045,20,1791.685576163208,4034.861284655683,1824.3258969992146,613.7685426508854,12,-0.13101238734224352,7114.164085867344
5485.979790361515,18,923.5875016981756,3388.6212239612073,889.7876587050531,918.6358519998499,3,0.3546190257884777,7425.1939008581
1782.2825927868132,9,1966.317265656164,3616.5309481114946,589.3989997354886,105.565440376807,8,0.3022030088358565,2300.7561225874115
5833.95887636693,45,3129.1231673294633,4556.51169576004,996.6392226790678,829.6152133038327,4,-0.15123875260391162,4912.680034186971
6281.570062187912,30,748.5268258663941,3315.227018047762,287.0528798878056,953.5325975100271,6,0.19387653532161597,7576.205166765047
7708.95526765897,32,780.6300492866621,3529.5652973135498,1676.8776520644947,182.19316090020135,10,-0.34036724322655987,5131.615600584078
4884.935916067115,6,1741.6995214259448,1625.9068640144023,1687.4134597103362,245.30291742962893,6,0.396281552163788,6869.683947182194
2148.222725160074,10,3796.039990666238,2895.6848804644105,1258.400834173331,964.6716724942199,3,-0.09550893554809059,1930.5518625157724
3553.9831521885203,13,2840.0042635301993,3865.588447832396,835.585200089101,583.7861292763116,5,-0.044374384644799814,3308.3824625592733
4267.7406675877155,37,2875.344848353977,2083.7707932654616,1639.61005600241,112.77697102455133,12,0.20575905103698489,5069.469056945473
6813.255171984411,45,1766.7199679325274,1809.0167220981398,1198.4366446190609,331.86879888717624,3,0.32084023670485096,9002.103277239565
6137.004742020207,29,2577.8127692298845,2255.3072328976623,1686.6781553900291,504.9493068419737,11,-0.2636572566717904,4492.805194739074
4204.870533080616,17,535.4591440971018,1966.0025119713337,1336.6258266494372,723.618019922291,11,0.16135013987699542,4851.441917038198
9878.637239136817,13,2726.336162433398,1859.6505481455833,1611.9298517830352,759.8443403231196,1,-0.1080019561108515,8828.98251228697
6451.973374211984,17,3696.5043165168286,2699.4033714723478,1277.413387791968,995.8793616329104,7,-0.13129707599603868,5655.53112726663
3135.0411256239504,35,2644.007139206867,4631.354055534137,945.4539227881992,358.7600794453831,4,0.1900258239406547,3695.7185451786418
1916.0422535836337,45,3557.9450771322076,3028.2385869548734,1924.3025478670477,584.3980916816276,7,-0.11281672584406566,1634.6001556726344
2375.7322526589883,15,3033.9056941313283,1751.681523261292,1174.0048847819205,579.9911930736446,3,-0.15389149983559236,1976.25369431562
3213.6195554605733,8,921.9544574129159,1307.8866775234962,1289.161133372969,465.08073350251374,12,0.33588840812624243,4240.838914139991
2446.132359336001,38,3658.586575500446,3784.624580551701,596.8777509465486,252.24570445817818,11,-0.39872387616899363,1500.4426141954448
2679.103216461752,42,732.553455245212,2531.1950577455514,1326.1714209690977,979.7109068654582,5,0.17589262283021068,3150.132270327567
3565.856518244624,8,2368.886153917173,4287.323786341437,1228.893769069299,867.9854679999274,5,-0.25127460620937536,2763.8717872353495
2560.3623576527934,42,997.4799332771018,3638.0430745630806,532.7091163046449,548.4997254648135,2,-0.4845017581738097,1356.5965497898876
9070.888821637825,23,540.9731375581642,4184.965802165474,307.25677523565867,642.9208804156268,11,-0.333235731127308,6138.837360034728
1722.10371095478,10,1977.1199104467364,2087.784157673795,1287.846775486588,304.5349482036961,10,0.10666152977586774,1835.5921592025347
5720.602506132292,38,1532.642476789547,3769.4356898442325,1574.646084830577,589.4083633525722,12,0.2091271914859374,6754.293102025572
4693.571442906954,22,2201.0017282916106,2056.2479387748754,1142.1224676596148,725.4731198093282,2,-0.47894221644367996,2457.7715344261064
9841.407552177458,17,2520.199603570928,4756.273917801167,608.1907255753622,563.6503255479299,4,-0.46357455669827985,5285.342420939294
2008.350119512471,45,653.0867530813157,3545.4971261334977,1399.7395580474629,991.2566535264472,4,0.4025421148429531,2810.656353238722
4580.700391411675,27,930.5115329331097,2298.0472007013686,344.190307897284,650.2074906229535,4,-0.42669418188628017,2630.932021713589
9725.23389947832,23,2455.2483875764888,2078.0474491690907,995.3006686435183,433.87634133295217,6,0.39418215861657124,13502.54628178921
8789.564133045822,49,1701.0857361043038,1763.706340286574,494.0601651171563,794.9368248542543,2,-0.2718340862490942,6428.419933305721
8353.64863854352,15,3052.107206423068,3778.563835574911,532.02629190779,253.41626042347784,6,0.24001780015821284,10395.482670066503
3321.1254434044586,5,2783.020770071789,1874.8624519917093,564.1291084847666,446.0642323356399,7,-0.19026675105398794,2629.238259595002
2537.9882865105924,28,3459.615270464674,3381.2130637099563,896.0727026791602,412.26305533982725,11,0.35875202560918384,3430.814904226185
7017.788979319879,11,2923.7248933422884,2058.5401077014294,292.0703701167157,488.6263855969995,10,0.20045486542435786,8409.945732289
9364.383902148273,29,2004.7587708655185,3647.8757791754742,916.0281936723767,803.6018433358537,3,-0.09818654139830485,8411.386889362358
6010.866037125368,25,2855.3831783805135,4259.758914162157,1121.0734048064614,535.7557289470667,11,-0.42369754582592045,3406.0212294003127
6144.5142052290985,19,1463.834109893965,4112.1009725786125,1069.9297129393854,814.6130052393664,12,0.23270018387080704,7574.969040133966
3519.8118429425576,5,1572.0972457237444,4043.405323723127,889.011380725473,618.8400128258793,8,0.11688475596518155,3944.2644672814695
7925.436398727432,16,3261.4480597227766,1750.8896227690084,1710.4638945273546,407.8624911917998,2,-0.49708828216621126,3955.2857284282345
2683.39373701771,11,2062.4683074055374,1353.5397879380748,461.5880463569074,828.9808693151252,11,-0.4905801440275547,1312.4346211411007
3913.113127638193,19,3294.3311918142335,3795.7953139495426,1110.2541388064733,314.46070349778245,8,0.30879297319269394,5141.982827013021
4828.927947547751,25,3378.4783078389746,2473.3888551774053,311.67455052179776,301.94468181981597,11,-0.24060026119814615,3628.7205982989512
5568.493408160095,23,3501.468181814493,2729.3849056133895,328.0802219802375,554.0526316493522,5,0.13613366772806568,6311.092563852526
3181.687591735722,33,3708.223325444226,1124.5963711735642,1232.9585294187734,334.76432136588005,2,-0.04578558023475254,3014.2083478144787
2033.531422652832,29,2008.4482717965368,2038.3057971001967,1218.8331647980776,108.1783314560947,7,0.36343001452176726,2834.8632103265036
6495.580381974693,37,1616.033864123986,1134.7056154978561,1780.4603231200226,683.4677745689214,2,0.4169611131024886,9167.913285086868
3597.674979162302,36,2537.6956130793988,4516.743090404991,1204.1726161881318,559.9844393251583,6,0.49680771267885404,5471.303985472318
6231.143992803511,39,1799.1034820316966,1973.586732874122,1927.6238367287303,500.9660330438451,10,-0.3463158641927532,4110.815072933356
2389.2644374678207,48,2603.7595838008156,3229.348678292032,287.6507271198736,970.2716631564838,3,0.3629640464754754,3347.526459580559
5330.260916693357,42,2969.550519253386,1155.9172826445217,376.41383260533394,614.0792655666223,9,-0.23397862327119823,4116.325747208154
5793.304892964273,30,2909.4175647224793,3667.3895652226324,279.31855082668653,877.088420010446,3,0.09081587489550769,6308.37672297014
1466.4118314018422,15,1810.9351045704248,2292.1093830163754,533.498330600372,225.50521258464414,11,0.005772833869210903,1429.0088668307606
4029.4385037452853,39,1084.010705945635,4591.676747830663,1174.2861996950205,612.285816816485,12,-0.48201186842761234,2069.4307523021444
2209.7320924507685,12,2006.8526846177265,4552.472755736144,1362.0299265693704,881.1816640578126,12,0.43277127990609476,3240.4047296114218
1570.3747342549098,18,999.0795042866805,2301.162473446991,282.0532843076038,624.7951815519082,3,-0.42167294485078155,905.7932559251342
9909.642091509508,14,3615.3396231433294,4603.843582761871,1902.7476017220788,746.2127603143014,5,0.18821891940773583,11807.870187048597
3901.1846047725066,6,1710.571112582501,4984.6306939951155,1715.897677970686,434.83921103098663,7,0.28500683620826206,5023.397453696398
8288.870012691714,13,1040.6091152816332,4301.662656495792,733.9024678827676,183.20456533335994,8,0.29528784904768424,10748.955668700763
3291.7658928738747,7,589.067159670128,4379.485391020916,338.9375544076423,512.1102656143643,12,-0.3645054810711552,2106.3071667165077
7133.524500015364,25,2760.378352002695,1996.0349444363596,505.79673179430307,455.0314517549718,11,-0.0524300494920279,6784.280531768587
7842.050739007179,30,2729.1581110916013,3306.809595431025,428.49994475895085,880.3541641410526,7,0.32942887043397984,10384.743281289731
6360.748665470598,12,1692.1145830345208,1269.0236558694714,421.91080273810434,319.595772117225,9,-0.19732078962124533,5091.895502672348
5244.185696951426,6,750.9916109667786,1379.671747286679,1133.4110395983212,970.0608047815973,5,-0.03225132462533642,5090.519428294317
4706.568227325417,10,1933.701132133312,4995.570448133162,642.5253964881206,962.3243078240465,10,-0.22720610730015423,3645.3815427772315
4139.814398886958,32,1589.2612327218776,2306.556997703644,844.65148975246,322.8684787642948,11,-0.03644858211467583,3965.8638036489974
9365.762298230433,33,2869.9222390725326,3992.7356481953857,1981.1096000917805,413.24675992958845,3,0.3878379225928801,13018.990137212897
8475.574670089562,30,2620.2273730844163,4226.6602121072665,1431.7656480656206,906.0001667864965,6,-0.044875768967230556,8056.66967150225
9685.242195998613,29,1776.07804869139,4432.093084028917,1908.1652006846025,969.9599988064967,5,0.055912017074320364,10165.613314583403
2118.6750113699027,16,1262.6239398924654,4990.513189608626,456.6017990596081,499.09519255243964,12,-0.09602371669691645,1929.98125069974
7577.807276832798,9,3958.1258815445717,1965.9859410274714,887.8510546986247,388.89734107680806,4,-0.03988281679667449,7215.6583906143305
9445.06411138934,38,2089.005674186402,1161.403307438799,1198.5172459082378,573.4846119263879,12,-0.4848258009535783,4879.859538648087
2631.0975954909413,41,2908.9598252308297,2644.766071978344,338.16451139972844,718.9922857291613,2,-0.216254490039544,1964.3768769538397
1598.4664063009975,19,991.9353865242626,1520.3226793157878,207.53739853032417,346.12706383748184,7,-0.06341827825817559,1460.845027002015
7670.085843610532,48,2199.5639488078923,1089.7035566482205,1406.7818008344516,762.8258571571655,5,0.13379697599272888,8679.941289437804
6170.258018619207,40,596.3785195431292,2441.7073085659445,1355.2751302425836,146.49162140317694,4,-0.04994806944610786,5781.733783873929
8576.458990824449,19,2269.092912686575,4134.953004300945,939.4198579993011,144.3650434879748,12,-0.16218295667843596,7166.869900217526
2257.951389636605,47,3874.0609249119584,3264.7227649002834,1081.3593368576587,447.6589346309907,8,-0.11190126465584282,2064.534755502472
8157.4058067390115,27,1844.7234954503008,2251.111956841416,947.7974010657613,418.12587285464855,9,-0.25770667079953347,5991.67247757934
2814.645880429701,10,636.4860440121905,3617.368021970879,243.20908072079993,384.069893830437,9,0.4244942827740529,3992.1783024295814
2472.9034857913402,48,608.3452682177024,1928.0727212352429,803.6688911914324,541.917786402019,3,0.02174322579091459,2611.8046181106515
2478.3921813789366,47,1857.9536598140432,1057.52578428834,518.7480597151217,388.6602240804141,3,-0.4865905461278769,1219.3369331721613
8331.172482082438,49,1060.087277621179,4057.4135457457096,377.16354038246374,273.0321266212827,5,-0.4805537415804534,4397.457541652303
6986.774986265801,25,581.7323371486507,3494.9723394560365,1922.0967810008297,378.52259417974085,5,0.4729616349520416,10277.301242809805
5707.588822922074,27,3146.747648825619,4049.21049800384,1278.8475050758982,977.4138455292115,10,-0.27854910862675497,4122.840648183246
4229.474357111522,47,2104.830531086617,1155.7520667506624,1511.5813116258848,470.00207529536374,2,0.3056082888143147,5586.610889542867
8894.804867317975,20,1512.3567019042907,4348.478511322609,767.6547378790115,500.2414991725022,1,-0.4417246984394255,4941.494972659358
4532.005966803718,19,3650.2911405576824,3478.104800145213,907.6648330892274,618.890490956026,8,0.42116273669454907,6472.269286168973
8349.394955244194,29,906.4863607018397,3253.5814028505606,626.4631890141022,985.0066915728039,3,0.3744170036666784,11519.780252152685
4952.214177131966,40,3845.715901343617,3498.456192458126,374.53820773776454,317.4411487921867,1,0.07109316243451469,5271.742043675212
4392.499864824168,15,1598.883510820735,4457.732987473457,522.2569473948508,713.1538994791904,1,-0.4910013427167442,2197.705024957444
5164.118071026458,19,3609.412853080384,3347.746026235628,1635.5252815336746,744.3862241875516,11,-0.24218912597666242,3901.994674181824
3712.4008674772786,8,2610.3000676781153,3323.8015195527173,1419.5824493307964,646.5919751137593,2,-0.09317735260153504,3356.6234157920417
7728.48442158626,25,3393.4757590952063,4962.716628263063,1184.4719767738584,179.72050567297967,6,-0.03993588325243824,7365.893171052944
5524.483510832312,17,3944.046071236625,4026.920668274272,1055.1617711601825,709.1850482448189,6,-0.20232124143762797,4374.6831236856115
3089.914256321356,26,1509.41903236561,2769.1752218045413,1860.381710581024,157.68523993255792,3,-0.46705213175447,1473.4180081243308
9096.171159471116,23,3863.9741989265754,3829.588000131711,330.9229060016031,636.5283845949073,12,0.09012740592654211,9899.271835773354
4455.020992358903,38,1863.1866321584712,2556.921886767154,705.0814638282487,765.6230594995684,4,0.024154667694755938,4607.350253017559
5891.9757500258975,18,1849.2916665792281,1915.501849933996,829.8881364272853,289.8729015579554,12,-0.21699936457092228,4530.086299464267
9158.248998680923,8,1691.35486489077,3387.4075075510377,1608.366461983018,857.4598067884966,2,-0.46202403243039347,4903.760639731573
6618.1419632259285,31,2394.926625716548,4712.728392455806,1986.5263162915485,127.31842497970383,2,0.49459418722194015,10013.553148839233
2052.0823663752767,33,1039.5076511247048,4716.558080061851,633.2069265628755,859.4315772924755,7,-0.018013813173594073,2013.9885359438888
9458.489112521276,32,2437.9901987530393,2367.6211124219612,1773.7532014467452,514.2961455784886,1,0.2560042417740771,11947.742164491046
6649.372477642761,39,2395.966843435014,3110.70986488678,1695.1209687772243,295.82914593848005,7,-0.047685964948664505,6281.694968658714
4014.150531913775,12,3166.656344117045,1846.5435942794447,604.3833157551799,220.40033049457122,12,-0.45682970913705856,2202.808232275848
2253.4486539704853,20,3417.7748667815495,4982.524437995534,918.7986443586007,957.9764508241353,12,-0.19039925491449994,1765.2827977643376
8146.226703432664,46,2041.544726093484,4924.4716314717425,937.4111647265344,165.39902882304102,1,-0.17988985899409882,6700.856361165414
6580.654803356621,40,1558.1663727302282,3598.0357188297894,1960.797203347805,279.1840779423331,6,0.33835290404901597,8849.350878354431
5801.149827786894,34,1407.6721406098306,4217.656238709893,525.605422482017,413.04011268974136,3,0.15422997799987437,6726.109830376926
9045.033247458618,22,1181.1834284670517,3860.4006451348,1638.4843479886076,658.2113640650084,8,-0.22457009636052716,6996.5423932060885
8097.374901020777,6,701.7665376965871,3372.632876157873,801.5468855115979,590.3209767484885,6,0.467739954659086,11898.587348382749
2365.0739175947606,17,1698.5679259214967,1213.3919879555908,1515.5666223970886,213.0791431710826,11,-0.17845816760212863,1957.2317567876867
3805.4986101599343,8,1445.8669224577416,2819.057370210644,956.0198077321932,360.7551853643932,2,0.49823402582872034,5734.826985758276
3236.4022583301917,30,3882.460850532426,3699.145208669642,1241.0475736097721,314.87659397742163,8,0.4961636931702632,4835.99920799755
7695.516633154093,29,2451.9808918751537,3710.126455534739,1698.701191987036,292.18856904130723,5,-0.3087894822532582,5365.778976342866
1301.7919126220145,34,1715.4696366067765,2492.490473689534,1647.4980169709916,470.02990283198835,8,-0.18725888381159983,1129.7500820742512
6129.0071638418485,15,2531.6366034779358,4766.767946632122,1759.5617303714603,733.6283073324912,8,-0.013955801515345811,6027.5785840418885
7862.128171666215,11,987.1884547099343,1669.4281289471242,307.31118562038625,295.70763899551235,6,0.16410067114789095,9154.63066768448
8890.890730855746,35,2054.15312220771,3001.4377848622426,1445.6909954715406,430.0109917326833,2,0.028047449003799296,9095.016796037191
4078.735738443167,48,2691.8201249737235,3763.5359062032912,451.9772780991732,451.82568415704606,8,0.4694414691322568,6010.476301891381
8391.315742048115,14,2211.14241127358,3788.543223567237,948.4734224331398,978.8108764918692,11,0.22398916423569148,10288.211428336313
1995.6856325968652,43,1906.2258022901349,3594.555827075262,1187.4591470984392,959.199721191162,6,-0.2879551506170256,1423.916994929886
8618.070625610664,17,3978.469361148944,2101.152853807441,924.9310725442954,820.1238244768683,6,-0.3949024497863617,5221.443405840194
2147.3979609878415,35,3581.1016675212445,1624.8262747464878,1135.3010164454136,317.4930287372666,8,0.18840129070935674,2648.0618279583014
4575.585615043306,11,2681.9208535580406,3543.7613073068433,1993.7473558375145,161.2335826825027,1,-0.341547559819237,2868.469373278088
8175.658292015983,46,2492.8207641379895,3397.208464557751,443.3911646831385,385.2137239485623,2,0.28767684033575414,10502.772993229975
2349.2568461389637,46,2672.311679386044,1717.424041156964,1415.820881605566,340.11509449044775,12,-0.18896333273966304,1888.1472591264715
3063.2625570937735,40,1204.5923773785164,3820.556582282253,912.8017394941074,555.3332201317545,12,-0.1731067369443935,2605.8368020790467
7500.273115537597,24,1882.9821014251152,2820.6879669346254,439.4176380331918,799.9551190610138,9,-0.48920160761048803,3854.89189036481
7480.328828914669,8,638.1083651181476,3671.0423664126115,485.72617407375714,872.4906449909722,11,0.2010112670950407,9008.943496909276
6770.328695967676,11,2164.411131203893,4349.468319080603,1908.6915912421105,860.3776768694577,12,-0.3867302469353142,4215.0306170880085
7245.536000203901,5,2400.586043851821,1678.9137143076928,1783.2826940811717,423.708005100761,8,0.2728805774635181,9213.704212882087
5884.519990128366,48,1297.1240763612336,1076.5794719873468,1832.6755287470394,718.5109091146146,12,-0.008132178082793207,5869.282352428297
3266.191530162575,49,3874.100965079298,4116.410345583147,1984.7589964892957,381.55077777179804,7,0.2842798149545691,4168.165559555705
4111.263941535275,46,3683.091138280347,3438.7897006104636,574.9677020153323,154.81498891166444,7,0.08392653919774129,4403.642779584523
2634.379451212831,17,3027.5013240956705,3798.558278488487,839.7908072553112,731.4087390426481,5,-0.41756672798100924,1624.0585928746318
9176.055052002655,26,2366.853200678769,4352.61989995457,1404.59425386476,108.84479731280906,2,0.26565233670518307,11632.147104790767
6250.526152895084,25,3544.892058766897,4211.243739298002,1070.844571749165,468.2643287126397,11,-0.43020051510525026,3593.7797119845104
4607.662750872759,26,957.2832033821202,4843.680587715298,953.1011600810003,396.44134237186813,6,-0.021298279430667755,4455.518727844124
5158.052232797194,32,3266.7842799620976,3143.7403154084727,844.0602488040674,724.0397846669672,10,-0.3276507858550367,3493.529997532961
9525.550056506338,13,936.872848883969,2953.9825306396215,1268.805137498214,789.620925484341,3,0.25233517797788496,12018.093062695707
2380.1626280447217,30,3279.737318922919,2607.54879956292,1236.0681715521475,373.68517237415546,4,0.41159122780612656,3345.9441830806854
6276.068488151175,13,1465.1864888797495,1614.764171376818,490.6241013156321,830.4643130003682,10,0.05412616335827425,6552.978024329632
5552.998109960194,19,3569.8170335636614,3290.42893152809,1049.1317075331904,364.5250844544404,12,0.027147294299180502,5712.9457935767805
6503.088118911831,14,3804.147328388892,2108.050097303915,1196.24919717773,501.6937239879051,11,0.26396319632561793,8167.869199506434
1162.9916543875645,28,1020.7858929179047,4685.230048851901,1226.5164897165027,754.3166743127206,2,-0.4949211870242728,509.51250947519713
8849.115180497363,46,2119.3646177288774,3332.76321710839,578.1929472422332,723.6282063023098,2,0.4177586426351607,12509.171242087097
9389.064542352511,12,3933.455823569398,3371.3607220324407,1536.0885060541161,988.63162508098,12,-0.3025511829088683,6523.762068917246
6086.198652302881,28,2191.926025906013,2419.69864350804,245.35837067792534,302.64492179433864,8,0.48411888382623725,8983.279860872952
7269.857414892031,20,3522.416328800908,1207.95740791083,838.6973399776928,696.0861221856242,8,0.23625394796046217,9053.71326937684
9302.494430595661,30,2560.5603274596197,1126.9750614919544,1604.3827673641404,648.7137174481996,10,0.27425114770067105,11948.194704897596
7365.1477088205875,31,1813.6546777186065,2693.34057661279,1215.0072578997242,923.5886090410269,6,0.15620298037360658,8546.510132640577
2372.851386228352,41,1500.2424443405457,1338.2615123889514,670.0923785195484,240.72592748038755,5,-0.028336817214839716,2324.8221048239734
6186.595241501319,8,1211.2808188013055,3427.3878221605564,1450.915614817486,776.6183472282397,8,0.07162769336116548,6622.624382773665
6460.435417445703,28,3166.29366982194,4523.89202255863,1221.3036994809322,611.4417546418915,4,-0.45359711398487434,3485.183916301012
4817.176041721474,23,1852.8917738805976,4531.659266074888,1633.2384970214969,347.19928280911483,11,0.12395950943201428,5494.456332254602
7627.998120622506,40,2289.4641177026288,3636.1816405289296,1523.045335141682,526.9914227324566,4,0.12609810198704674,8586.731530739245
9409.303132921134,43,2223.1391800041365,1844.9273258917242,1298.1942596652223,400.398937362818,5,0.39120079740180946,13067.1007479119
9330.116616160987,14,2520.476602315959,4451.987325435488,1078.7198155594651,621.3820625096148,1,0.005656357430219416,9433.628921807782
5057.55434263719,29,3529.520009685933,4544.373741252833,439.72782620154214,900.1005497331993,1,-0.422855625913939,2915.25982599356
2019.1424125667972,22,3932.5877025420027,1786.6143398118347,670.3994321936907,612.3744859709818,2,-0.19380407951791878,1676.6890880382732
9863.570790661011,23,1926.5447300083592,3949.704343082709,954.3790512507535,668.5501764939256,8,0.15562941211431747,11378.145078832762
8550.082778013406,40,3396.316227372061,2146.078195708492,1278.7387166114995,566.8730624032385,7,-0.2607411372485361,6371.606317177751
2121.9641308294017,14,3175.847281291512,4210.561249411719,1124.6741393875486,146.0489558009283,10,-0.21947217814459907,1705.2404019386302
9287.57694355635,37,2507.3513300945065,4988.951599614411,718.7321467271531,309.5727011884848,9,0.32046901636085345,12330.1990121331
8829.067258559155,9,3846.165002641766,1120.1040213175713,211.635844021479,542.8015564888744,5,0.08431973176270902,9538.060599536104
5669.542514134649,39,1201.6608043494098,4589.463463163727,1093.230599421465,379.2117553702343,2,0.008527431773572514,5713.73717929235
6321.4789217043635,48,882.4247360836749,3490.5221343946323,714.1267794120375,263.5872379850748,7,-0.18154803319419566,5271.215360537184
4591.024334831172,38,3488.8668843439773,4893.530476659284,1522.294941278963,553.7195577265945,8,0.23092803593303335,5638.899963439274
1492.854749398282,37,2037.024358218119,2860.03807010571,243.1032774868703,390.5288141030653,12,-0.21228156550997068,1216.5004960186436
4016.775174813108,25,3464.3909897247117,4389.551722285495,1252.6900603504237,332.29687885607325,7,0.23706351764417521,5083.534278221196
8225.681037382103,21,3625.8157181839524,1249.5762743931089,1894.6536275109177,517.5868756963428,7,-0.429898519732558,4597.020875825991
1041.6882070414258,26,718.60157766675,2341.116200313183,513.9366808006992,219.95583227395582,12,0.3645413415820836,1407.4488416479635
4001.4925452202974,41,3592.1266704512122,1268.0661510048399,1048.9690833510717,934.9711597678665,5,-0.00043353662406719895,3999.8512608456067
4583.51824231849,19,2069.1166937929775,4901.372533916282,364.55958527084874,880.9318881273151,2,-0.06149198330103001,4211.72468213818
5836.560426441306,39,2286.5137115148127,4267.895629087347,1326.2274420704348,736.8585271664817,6,0.11102341154192452,6461.756715756382
9278.700547714845,32,2693.0737888262356,4410.189684983881,1190.957025073206,195.5924448296106,4,0.12419207289627043,10382.472538666609
4117.113949293651,11,3742.3391235553036,4751.8609257355765,933.2579435830983,798.2895290227237,10,-0.36796482311000445,2645.0451166356233
4122.578817066049,36,566.9063305041741,1340.4139444791415,1138.4786386527342,827.161595298117,2,0.25623358981621325,5092.289618906781
7637.511232987736,15,2168.95213911236,2542.3903700533338,1813.8343852442183,790.9881559429039,12,-0.2240717020499371,6020.627222685688
5069.961468008265,14,2907.0271485069625,1284.1395561760085,553.3297441599207,202.56929840731704,9,0.40496188016991397,7157.597467144807
3021.4434064598377,13,3029.4743519438,1843.1724062001144,240.61612106962502,679.5171613609882,7,0.3178506634148325,3929.120118662116
5071.955645194241,18,2923.863510379878,1917.4631081506895,1750.9967924583818,850.8923161744586,6,-0.1537339584652515,4343.54479944195
2267.7131834181987,17,970.5229529284265,2876.4288441903145,1238.8107482982316,619.618061097701,12,0.30773929320071447,2995.426619341133
2587.48287855601,29,1547.8845593008843,2074.2486698145703,1803.1852198313163,681.7666377052801,5,-0.14360950070009582,2213.957373057001
5485.309954655318,6,1755.504338959547,1403.9124272710444,1274.5014021437107,512.5271314836755,3,-0.3990523183639594,3260.311456176415
4770.3290455409315,39,3315.5302268782675,1669.9643563764307,1658.2899619274644,575.8365878956474,12,0.46188823872570794,7001.071090628294
9233.613109612901,11,1475.6595534509356,1589.1022542083638,973.4120540392663,130.9391725165527,10,0.15260201521544003,10648.827096146932
4261.545092049698,25,1237.4673735352112,4892.307191649194,1549.7478763188838,675.0667197759561,10,-0.04390047333740832,4039.9992197467473
6225.295152502391,22,3851.0680666333365,4037.1700276738943,1843.4746404017408,173.3024916020433,4,-0.10222664846896035,5521.741338627197
6690.378591275773,7,531.0214978971411,4871.045861078248,1229.8213346999712,491.51313490620106,3,-0.17529466574173602,5475.061461390563
1117.8501092950028,46,3992.3729948869236,2758.9619460316344,525.4132710122832,363.38958790066704,12,0.4814475954291293,1630.87146368341
6971.836348150396,43,2868.8745460008845,2113.4739266506267,683.8357070543567,590.8851551905418,11,-0.3652527348690926,4483.47841913829
2602.3237018277628,45,3399.64254807191,4193.172788836747,557.5602384153303,220.0747019708864,8,-0.18519494107943169,2163.4244646860234
9649.632857225097,15,1531.167887211676,2305.015672164587,644.3426496723192,722.4790617759863,3,-0.014502359717336488,9487.187033673685
2337.9645497780166,43,550.1034718347099,2197.533494821393,751.5478088318655,815.5103832356233,7,-0.022000454945688586,2265.9685680513885
4731.617113543214,28,3082.543314965355,1930.0239688313247,1199.2408161557391,247.01900476884083,7,-0.028633515592156544,4645.701895124045
1768.1470127077946,23,3419.5060895023653,1518.7159128969415,1258.384933034899,193.88177861669396,7,-0.32421618416961817,1208.2524726680274
9971.868266613526,8,3091.666461837317,2025.8522440670638,967.6995450353501,230.96393450862323,7,-0.35506747289049945,6443.852939183812
5519.755092981183,30,999.976005552935,2421.2789938955507,1307.7574036775038,889.4148057086516,2,-0.24523241367137993,4130.9634583798
6358.465155880394,42,3136.997727899392,3695.976832582922,346.83486610045867,575.3703355807206,10,0.41452615380205604,8988.044318179476
1603.6882964958472,46,3191.2297373767433,1250.2593688778063,358.01882670468797,520.5348964067523,3,-0.38694703216548987,983.3589530092034
7749.6442335926,36,2804.891804845192,1842.0277586613718,509.2930286437852,196.04063719211885,10,0.2574251033733248,9740.03761418298
2889.150337860272,43,3181.4057647845516,4236.094561166706,1132.5394964726206,684.6004060812656,9,0.2575483931333713,3669.949760489715
9082.488604966424,49,3460.7250388720627,1587.687694335083,585.1904216569644,881.1996327055809,3,0.3097704038972623,11934.242460489957
2846.2567643380644,40,2647.6143998311045,2370.5805860900864,709.9119262866392,845.3672823911077,2,0.3866154889893555,3900.715823336909
2716.189485972999,44,810.1164988938767,4458.63568743256,920.5631051113893,663.4492380827212,9,-0.23696382246106973,2047.5401170607252
1328.947010632854,41,2206.697333835238,1619.7012445737705,1661.3590232186837,167.75084498650625,10,-0.27544053073110364,928.5324640496123
5248.602505989993,37,771.7726713506177,1330.9473424727596,224.9518446431482,201.15732445841167,9,-0.03449433347252029,5136.981749189179
6083.5701993635475,40,1926.400608613508,2938.1519803200435,1368.8818764259204,144.3780883988422,4,-0.23491083124796386,4767.148193364007
1591.3777548551711,7,1924.8727119396967,2209.678045114146,1403.9777558732337,331.7312948432224,12,0.2343099889831075,1941.072390306403
7979.748550255095,13,731.0344544908455,3253.6334579354166,1637.5804046419457,222.09532044433996,9,0.13593957674143364,9056.157428401999
5079.5995127322485,12,1720.8718688931776,4215.2195619339,1878.9552903085637,334.0432362271905,3,0.3749876880526515,7026.502531804956
5719.51242394822,37,888.493345769602,1548.5939526109728,236.2481281087217,446.55225014706554,7,-0.41726169651292844,3297.6184127433285
4966.864722444054,10,3328.8232350322774,3322.79633821714,476.81066992378913,948.6845056640221,7,0.4150833333580748,7071.772904153884
4606.867547877933,45,3816.9080908756478,3022.0350415594557,1795.1083293007875,649.3384538035228,11,-0.20665137332991046,3653.8085792068505
6036.762981773961,43,753.1076634027852,1576.3151440527981,1025.3334119366277,851.4764071146661,8,-0.009305654073015979,5893.399968597285
2397.1622133764126,8,3842.903225520955,3495.9939421159297,1216.2631500802345,739.316350641099,10,-0.06138856406035631,2184.9821882589044
2637.35317445744,17,2329.018097678608,2094.5616714430867,1393.4489667016653,201.25281747396858,4,0.2603116511044239,3306.994230483411
8756.070589121657,6,1548.4798728385585,2951.33727417605,1422.3198880921473,762.3283657365539,3,-0.07966669056815745,8119.650850644699
9515.039159202695,9,769.0172634665723,1329.0892971082476,1877.1327259697148,347.588993403212,3,0.4435531456494094,13690.837979324913
4359.7838465177765,48,2252.1849382464625,2838.336228854492,1994.5089513410053,675.1970622952357,12,0.4025338826385755,6088.039535656123
3436.702058291984,31,3280.8044057176203,2225.853872171281,1496.2834296756923,406.8657762786897,5,0.3721611519695065,4726.265266621032
6795.9958891511415,36,2974.8026704334434,4289.524844741418,716.9981765692714,997.9050369381932,11,-0.4287416673517721,3798.8310325176417
4678.607539882867,25,675.7910401239081,1227.914907989473,1783.5543241298185,337.19633154710004,1,0.35425806155393946,6350.9696417863
1228.4772009431038,12,755.1564237876623,2674.42909967332,288.5976461733709,351.21742369684273,10,0.2816354454432105,1497.2729203425881
2405.3733762957136,42,1910.05648921423,2833.725696525752,615.9455351740932,937.6050300061585,3,-0.396487052993869,1480.0331854514027
7443.750059626578,12,1533.5167291678015,3900.024305196475,1815.2942914346868,122.1799641726904,6,-0.39258567456377813,4481.001517072045
6930.315477191362,7,1313.3451306961674,3297.150300360844,661.1447259908389,727.0200890858772,3,-0.39883618848245883,4119.152410276625
1243.8639325313513,48,1483.5157461804974,3668.849348776724,597.1719073191473,752.7937516622903,5,-0.48866740679551246,649.6680014413772
2997.749457396545,7,3312.189601539096,4108.197142607025,448.62552765244504,852.7407196693594,9,0.04863430519458356,3183.2424448795196
3079.6731692926423,26,3752.2981877114885,4448.811894632755,1746.4011637644496,976.9953795746278,2,0.4733942914360433,4556.385859927385
7047.034692388555,10,1917.8594308464824,2255.501986889882,1100.1048665439562,978.0417272409871,11,-0.061315297100206445,6625.325841541808
1177.3948397892773,6,3671.3885074637396,3152.0908214556116,1414.8077654974786,158.7490818098175,2,0.040757501887356384,1236.4726226650137
1936.9772378611647,27,1625.2349543675869,4360.432313756799,630.3194913350534,839.6553904776123,12,0.46796979676995554,2862.540176599167
8199.244768358705,48,2167.529452203271,4957.804523860226,1564.4727578201896,681.6789402916432,6,-0.2448177712257693,6214.325748237003
2606.9019584890025,6,1291.101492355999,4558.077244175052,1568.0099809317774,682.6079209357821,6,0.35847025259826293,3521.6847095441135
6874.714970666872,42,2741.666147615454,2485.8690504975075,762.6764448349402,215.51493395322532,11,0.04639046721173612,7226.3613575426625
3143.645029420539,21,3926.433903111831,1780.6660688746017,939.2287394185091,685.168449801088,11,0.06947651466301075,3322.1450181433156
1894.9725348341065,39,2612.225836151825,2957.5701496263546,577.4424993743615,984.234322541123,8,-0.15682614279271645,1652.3609646790057
3188.5497189950866,38,1752.349294397421,3966.565807344169,1957.8098419812277,920.6367125855022,12,0.061584360966908114,3424.036698290038
7500.402386700933,27,2767.3610609668494,2970.2762830131906,1362.0846387051408,495.2175947243655,11,-0.42685749052171607,4407.844496239918
8701.268212956573,34,930.2223746288564,2932.723453254674,1882.1789852879278,135.95317595748492,2,0.2646435726141122,11029.69534167229
8471.978781102924,12,3610.306780928895,4352.9216843272025,746.0939785324397,426.06414100018435,9,-0.21531223845572833,6693.3130499216
4574.651766566094,26,2260.793827729427,2445.6151162687456,1607.4036433944016,843.7512804404997,2,0.38760832949395496,6269.797981420717
7012.766229135816,48,2072.7240971387473,4439.178699246582,1578.5455589925357,731.3491913186494,1,-0.13214930539254155,6133.118880190531
2844.858658742389,40,2550.526759587317,2627.2192038068943,1444.9801733597749,513.4092900345607,10,-0.3571758895131174,1887.5665378851952
3638.329572349119,9,2686.743519762909,2312.9324227133575,1938.1501554802408,149.591381642948,2,0.19588157436848497,4426.247361721704
9067.022366690078,17,751.2153217927956,2815.959644798796,908.3996049913679,484.20525504097236,12,-0.33542185528649715,6031.768220147801
1117.0173115966243,33,2889.160274281908,4049.787834699474,435.29118246156315,522.1224457460951,7,0.2536805155429904,1383.2881702675006
1769.5767776902126,35,1346.7608811043535,1504.008111455977,1409.0759466393094,935.6999796047223,8,0.46811223640611654,2543.4615818232764
2870.9762963142457,20,2998.834213773064,1785.6768634880696,1512.7576408589712,676.9774932239435,5,0.27955286879526176,3623.6641580987366
1238.7898348643776,46,3378.8717803446884,4805.779302652368,1235.1090322258665,380.487624989184,6,-0.4775507515686753,645.9244844614731
2632.918915808176,34,3313.854776433821,1701.9665095254295,572.2722076401133,572.7864380056492,12,0.0998857880527747,2808.338196732541
6247.37404872723,20,2433.753385927612,3270.9092717242183,1108.0206950048396,159.44977703994405,1,0.1954106709697243,7429.7666729837965
4792.820955332481,16,2320.594623087629,3317.2578666477516,761.9415258244329,975.3114120847631,6,0.3254583257962852,6357.160541834376
9034.045399692774,21,1000.065864687941,2958.497848200979,969.4397507000403,424.05391173765344,12,-0.44399769106099984,5026.310273924446
8356.99205564597,20,3213.711526410975,3578.980994307274,1361.393436520395,530.0806194218222,8,-0.019892172047713652,8142.283644205142
4076.356165280884,16,1449.9328315635003,1919.3069031904738,1541.3865368435022,419.75557681323033,3,0.035370872638394335,4158.847274508836
3334.8109008816323,12,2238.433979862813,3210.649071106993,618.0044436224176,714.2605571045801,11,-0.33087513735582197,2177.1792631774288
4417.231673505403,24,1494.9593252463085,2488.6930209875886,929.585649164516,696.0089424966337,1,-0.17755019028935037,3621.9087413821294
6312.654482633269,7,968.399270498926,3646.6690385167562,684.4908277849325,743.7900794762221,11,-0.05977827374383482,6041.784752074335
3412.572767405886,20,2703.451939121078,1564.894173492598,557.5369049513645,341.32890665072875,4,0.3332096879578015,4602.692028669856
6617.340170642206,34,690.1621218801633,3283.509667357905,1610.0969959925092,384.1016330476594,1,0.4294075660702069,9469.585827370498
4684.704869721164,49,3120.2583194416998,1741.0814215332948,1836.6548499865864,212.72610798658715,8,0.12842282891767287,5314.022460002338
5968.424627667822,27,1611.5537834139084,2114.5722524601456,866.417934232238,689.9589746615013,5,-0.10505481397853789,5392.2061323572625
4925.13876221785,32,500.4714255156986,1874.839201294333,1552.3020638727803,135.8174146020873,1,-0.24596898220101404,3747.4883262228127
3650.191835877259,44,2288.9519873303043,1731.3511194752684,1814.59152085594,637.9141019711132,8,0.48213518443615044,5394.667251223909
9536.07976265941,9,663.981679846611,4302.8438062426685,1723.0235789544167,882.7262963664705,9,0.4830199980763584,14099.917580946583
7872.452147437847,24,1466.593452373148,2142.8302706435616,529.0640993706066,901.7489334606702,10,0.42497694823503473,11211.799127646053
2261.0185818980726,44,2974.4177060950065,4708.495127457798,1921.3253867240503,504.1339843329655,2,0.2856691498778192,2957.1339213924434
8816.211783081215,48,719.4136756765305,4879.706101380763,878.0175927730324,513.3733193917665,9,-0.17422045625438176,7266.727785025337
5386.880784245623,5,3437.684723246008,3285.0418797483894,810.6331901129054,169.27226470721564,8,0.31700048349763066,7039.290815938697
9050.970042046822,34,513.3697293050409,1572.0044906629055,312.3763891000046,703.6885228987321,7,-0.09120698272882743,8139.285974104006
8198.697303525838,25,1363.8835422066577,2498.192973518325,1075.1125773887893,839.133478335561,3,-0.17322690184495482,6772.410832387562
4826.921540223101,24,3093.16419653225,4190.929053392856,396.22450815367165,320.1895491442417,2,0.24486535846627955,5957.585301331545
1202.2237748810567,10,1606.9455240525738,2469.562914788282,647.3716776693668,479.1707934700282,7,-0.4203460723795771,675.0479386696422
3418.0962344645145,26,856.6233582310474,1348.068873211155,770.4967191811065,854.9554030887433,5,-0.4514372767043383,1947.8518053071666
5874.7079319478025,22,1760.8187158014975,3227.139643712752,1655.8873822850312,889.4084208960592,6,-0.052046302818814394,5566.258618387209
6701.303978435325,12,1446.3765023458395,4380.48340598414,1775.8795707126137,318.8619822378033,4,-0.054361199177838104,6299.4900193749245
3320.9891688988205,43,3449.4916575619422,4183.705548574009,744.4393714306455,595.5135710872278,2,0.39564415306383494,4650.356680011557
2254.204666655417,36,1596.717711548001,1700.492560521413,1745.656618240233,273.2438355722444,9,-0.3738469037121832,1507.5249650467479
8514.372131193693,37,3261.263651216025,3691.058457649867,1743.015687265624,191.69088772560087,3,-0.3767160725475872,5300.836489301424
9859.619626331969,20,3621.5525068375714,1882.0170537425884,1576.3717106927722,920.0084512527618,12,-0.35254739952509884,6265.860051629407
5731.211640724173,16,2018.3609685178533,1872.8301382086888,464.05120522732676,838.4567538088983,7,-0.4702637387053974,3068.5344560716276
2545.1135726347316,42,3684.801003490372,4496.287093220741,1442.581124421312,784.0314116228565,8,-0.4282682621850916,1472.443708865107
3450.7659386743208,38,1820.613188871175,1998.6758109609207,1901.0433162450238,143.88968693182636,2,0.15986986682903903,4006.9455475231543
1165.5160889272006,18,3874.2744577153785,2052.989386072045,1428.5728617808827,859.3559134392317,6,-0.06841567088249079,1074.8176608458612
9228.689259044491,40,812.5133358395053,1002.6135630451982,796.9103283941012,494.23966831484535,11,0.2636030670880136,11621.036444186588
2059.75974601127,37,2904.5674327613497,4482.67613650207,1101.0427713754962,408.1556109662737,8,0.49259771858166024,3150.141408919455
6188.648279628282,27,2228.3491415992503,4170.379252836539,1362.3050780318965,591.8287249228388,7,0.15903468109900132,7080.942518477396
3466.496986184854,49,1856.7708190947646,3509.315740362712,1119.0267357113064,182.21791845120026,11,-0.44954442937987626,1892.704522542736
5987.602022642141,6,2714.491575620103,4001.063055755369,415.91529511574566,780.981894417159,3,-0.3954371352456585,3603.2648232381284
6862.783495166778,45,2963.4998207201593,1608.1942696979672,761.7152803736371,624.1915691994662,1,0.3810040848147078,9520.204130144139
8467.676233364815,25,515.2714437760818,2833.2943783503015,1644.3128549965386,267.93108718585074,6,0.027495944558261542,8762.28602188391
2857.791445845429,6,1084.3358106151954,2404.8775493951234,1750.5524829719313,269.40897979214105,8,0.32483715939574,3774.771610757928
1098.9624579263243,31,2995.6611772201154,1375.106105028066,447.1400588880264,265.8237864154068,6,0.35661233622492605,1500.514320084352
2231.9706706192655,13,2832.3489475237225,2944.5219408596963,1914.2961543177043,151.3021487967406,5,0.4276745414995192,3200.427044540596
9100.167776632945,5,3881.16626795037,4682.958601370541,791.8807121274968,629.0186044345163,11,0.44982920548636574,13246.355329358848
8865.010698062637,15,3163.6322658777403,1160.2364762027778,1392.1647297152958,856.3133598296573,12,0.05482579650330621,9402.678492962405
6376.717919532774,7,3827.704477059683,2165.8436539751756,1553.2852627220261,115.74839258864974,8,-0.15897982774396613,5336.027725888645
6404.65174390288,27,2958.8917553718243,1830.163744822814,1661.50322234819,144.10418047414618,2,0.4618648743479986,9384.630486915092
6985.3300709162995,30,1543.1827302380511,1952.5866146627852,1902.3494640066742,615.4932490182513,12,0.047406406001225254,7335.642053934367
2578.3415076110464,8,868.7772278779976,4633.738207517501,763.2551864518807,837.5461168474471,1,-0.43574727704538896,1449.0407190339365
9229.707513324638,22,3236.3835217072747,2872.276216937161,1745.311618192798,394.0650015117702,1,0.142776550059865,10566.182396840353
4768.934724028658,10,2754.5222751657057,2865.1976517592752,437.0364261851727,414.65295892694996,4,0.08768475039501078,5188.106963049022
4448.246754245477,39,668.6510433765368,4042.302569821129,1469.073631436467,636.7118477470983,6,0.395792872894706,6216.72564640857
5670.259347545538,26,1760.1766306534241,1617.9688160197034,1535.5599131251745,346.7916002117323,9,0.1531871891578125,6471.070123206226
1422.6937009754954,47,3848.799354195002,2949.061416400203,1419.9018341623769,123.94752946991572,1,-0.15094757553844862,1162.0434674759902
2496.5503188047146,19,2251.4040099857043,2719.940856484239,654.1665250432754,761.7056662914365,12,0.46622572570582044,3701.3940784291995
7642.302547837334,26,2014.5519760689663,3387.6427621866246,1771.477664627366,663.0849216473079,1,0.3016194859820336,9886.84052019426
1745.1880113261382,41,2101.9486180575286,4998.2308130017545,503.945234066711,622.6803991500932,5,0.13041761838135435,1996.29673585077
6428.368985197494,46,1231.089534018073,4077.7955763281884,296.54262473749554,767.5157160926408,10,-0.2070747965968771,5093.144486086777
3208.1419871318885,16,1790.4750980267831,2591.462812069709,1491.436983101442,707.7077538058337,5,-0.12645970368570447,2853.9740385240148
4503.660526377789,46,1794.3463959551182,4310.2122090961875,1055.8562874189206,285.29378936048903,5,0.16996992409665668,5301.587391308165
3598.243630936299,42,683.2425706561534,1682.8334532499207,1728.376435925617,417.23294224901605,10,-0.4280191815366783,2035.462378530537
4201.054448184543,22,3186.486699812714,1121.8547452358405,890.1148539048661,213.4991275107625,6,-0.24331940834973653,3167.6939480136734
7471.413146658209,49,1957.7655116635765,1817.7934898570923,502.9014593138831,216.87131207609292,8,0.213900933396598,8970.278501792009
3674.0954406085752,39,3377.6296038574815,2361.6462244570384,1705.5959464457655,708.5761717208853,3,-0.01998149015537909,3594.161632972495
6097.641762672075,34,3476.2180039196337,3042.3230298382396,1188.037336952129,872.7400962842484,9,-0.09760643518556988,5438.965250048789
5284.453619791897,28,1241.979191445303,3460.5165621647993,540.5524263026389,966.4593254750251,1,-0.3485423775995855,3431.6622729344654
6973.040488263833,46,2800.73718759545,4642.422868857687,1496.6911974556024,665.5124057945,4,-0.058150965522267395,6535.655539547635
9431.467653922822,34,2152.9863145704358,3039.416038201831,1120.004549281101,265.69119102486127,9,0.2706919707602339,11940.658760230115
7593.148874892253,18,3580.548582725198,3005.102578502918,1287.7633680325757,195.08531090403764,8,-0.23598715392810699,5860.649508160033
2934.463407316811,10,1255.0923771175894,1200.9720392919285,1029.6170087718474,831.565874383082,10,-0.4946014578163226,1419.2629832989103
1280.648215551562,7,2872.346201085155,1139.6462106248953,1691.6761708724116,620.8808287239993,9,0.16850490115098282,1448.2904608516683
3360.376398698426,20,2627.132427884529,3204.639847665488,1693.2128882294896,656.4565189123479,1,0.47262660443255256,4913.669133461049
6355.701376302293,11,1533.5551715014146,2752.714452993378,1476.8998792838952,803.3158798792383,9,0.10682656358858289,7010.603210584363
1462.832321358253,18,978.1031627791042,4356.7215799211945,389.7224793136321,732.9495049592065,3,-0.38007814107286986,863.00280638152
5467.296224811127,13,2780.739161670468,1642.7183388473807,1709.936951427324,851.012427570487,11,-0.17926690765532693,4469.233512738279
6371.585640252003,19,3085.091103463157,1099.8866484681985,1407.8233649592376,150.59251491389062,12,0.3676416147202234,8729.15338920338
4008.1950173526475,25,1604.695703171725,2796.1550717205037,1454.6434988077392,772.7685730718543,10,-0.26743192574317143,2969.768643009293
7938.209833712397,39,2756.9141140780985,1949.91422700903,853.369112726969,865.7674815898858,9,0.10769590349760805,8824.187911778163
1959.3842782039462,6,1882.9581766402614,1198.4574933553497,1782.7032010826122,357.5215382124829,1,-0.09732879174600217,1673.2696449236903
1676.2400356222788,31,2996.224091489162,3898.393147390516,1505.6688804227435,676.4025465939276,1,-0.292156278580351,1205.5257794830507
7553.6988058324305,6,1197.253462129186,1446.3719998289898,402.66283975255004,382.7458574532749,9,0.31340689356467966,9943.175008127258
5459.421845855786,39,3615.75250922661,3433.278000031087,934.0004619310928,962.1739598342086,11,0.24283127646569025,6752.0202642640625
7195.621567849625,22,1505.933587629529,2124.199000667557,1795.484651528255,130.0812151919534,6,0.16159106595926542,8441.753937553283
4913.446047433716,18,1787.2509571465353,1693.984201420088,284.9540630552822,621.8135594496596,4,-0.2636634097312488,3672.333420627544
3217.6182991519613,24,703.3218322812243,2519.00609167727,1930.549915355689,249.85319234456358,7,-0.40214299728354996,1914.524413059541
8371.920859067797,22,890.2927431244674,4205.783104891814,1422.492622975213,740.9981846594428,5,0.07615932982596618,8979.722325787017
8194.742910720814,14,2305.5166594931484,2568.374307618291,1336.4767597580778,258.3012550767959,10,0.05367783353943334,8717.191179628086
7252.268237689841,29,1436.5743685479001,4003.078596844223,687.0066616783845,311.8449357085218,7,-0.311614990665127,4991.402051608151
3449.306235069664,6,3424.1807900976805,1501.9451871966028,647.8252197305187,544.9337299411823,8,-0.4437533056848275,1922.9170438212343
6312.076001821784,29,551.4268602923385,4091.0856786603163,1895.7047950794718,923.3514549971903,8,-0.419291545806014,3669.098727629176
4248.765072460241,37,1826.8291703517766,1947.7332996265945,736.890417621421,290.5429349331738,1,0.49277098651273377,6457.588452238119
1824.2386599397073,40,1680.7094136918245,3709.572519555491,1595.9095340941988,229.81601900629317,8,0.2835838947428837,2330.7376008605966
9255.822179160185,35,567.6467082116036,3263.1262193639855,907.6192367727425,783.0791486686276,6,0.4219874759651726,13160.481119686514
2231.3676782706525,18,935.2893965017859,4716.578868846749,450.65732741246717,550.5575791005379,4,-0.30494527776363667,1509.3695086776643
9552.136184387222,5,1947.7493622152235,2549.290071901256,219.2875358516461,920.6066011435943,12,0.4605685363234351,13932.074593479385
5014.051956621602,20,2225.026045566063,1264.6607553377617,1179.6632066274515,231.95310144385806,8,-0.3573456485268379,3170.73269872107
